{"stats":{"minecraft:dropped":{"minecraft:soul_sand":19,"minecraft:oak_log":1,"minecraft:saddle":1,"minecraft:music_disc_13":1,"minecraft:emerald":8,"minecraft:dirt":76,"minecraft:netherite_boots":1,"minecraft:iron_pickaxe":1,"minecraft:stone_axe":1,"minecraft:golden_chestplate":1,"minecraft:netherite_sword":1,"minecraft:arrow":4,"minecraft:written_book":1,"minecraft:water_bucket":1,"minecraft:enchanted_book":1,"minecraft:wheat_seeds":11,"minecraft:iron_helmet":1,"minecraft:cobblestone":2,"minecraft:golden_apple":2,"minecraft:stick":4,"minecraft:melon_slice":50,"minecraft:cherry_planks":35,"minecraft:iron_leggings":1,"minecraft:pink_petals":20,"minecraft:music_disc_cat":1,"minecraft:redstone":18,"minecraft:stone_sword":1,"minecraft:iron_boots":2,"minecraft:diamond_sword":1,"minecraft:potato":16,"minecraft:iron_chestplate":1,"minecraft:golden_sword":1,"minecraft:raw_gold":7},"minecraft:crafted":{"minecraft:oak_planks":12,"minecraft:iron_boots":2,"minecraft:melon_seeds":8,"minecraft:chest":9,"minecraft:acacia_fence":36,"minecraft:smoker":1,"minecraft:cooked_porkchop":52,"minecraft:crafting_table":3,"minecraft:spruce_planks":192,"minecraft:wooden_pickaxe":1,"minecraft:iron_helmet":1,"minecraft:iron_chestplate":1,"minecraft:charcoal":9,"minecraft:shield":2,"minecraft:stick":260,"minecraft:iron_ingot":90,"minecraft:iron_pickaxe":3,"minecraft:stone_sword":1,"minecraft:cherry_planks":308,"minecraft:stone_shovel":5,"minecraft:furnace":3,"minecraft:acacia_fence_gate":2,"minecraft:iron_axe":1,"minecraft:ladder":12,"minecraft:stone_pickaxe":1,"minecraft:wheat":189,"minecraft:cooked_beef":3,"minecraft:iron_sword":1,"minecraft:bucket":2,"minecraft:stone_axe":2,"minecraft:bread":61,"minecraft:acacia_boat":1,"minecraft:air":0,"minecraft:wooden_axe":1,"minecraft:iron_shovel":1,"minecraft:cherry_door":3,"minecraft:iron_leggings":1,"minecraft:acacia_planks":336,"minecraft:torch":256},"minecraft:custom":{"minecraft:animals_bred":3,"minecraft:interact_with_crafting_table":52,"minecraft:bell_ring":4,"minecraft:leave_game":5,"minecraft:time_since_death":18156,"minecraft:sprint_one_cm":780483,"minecraft:damage_blocked_by_shield":2225,"minecraft:drop":57,"minecraft:talked_to_villager":3,"minecraft:play_time":452557,"minecraft:deaths":38,"minecraft:jump":6189,"minecraft:walk_on_water_one_cm":75469,"minecraft:interact_with_furnace":34,"minecraft:sleep_in_bed":13,"minecraft:damage_dealt":9717,"minecraft:player_kills":1,"minecraft:crouch_one_cm":21287,"minecraft:interact_with_smoker":7,"minecraft:horse_one_cm":146835,"minecraft:interact_with_smithing_table":1,"minecraft:mob_kills":46,"minecraft:climb_one_cm":14624,"minecraft:walk_one_cm":1262774,"minecraft:sneak_time":7370,"minecraft:walk_under_water_one_cm":73934,"minecraft:boat_one_cm":361934,"minecraft:interact_with_blast_furnace":1,"minecraft:total_world_time":452557,"minecraft:time_since_rest":18180,"minecraft:damage_absorbed":40,"minecraft:damage_taken":15851,"minecraft:swim_one_cm":110185,"minecraft:fly_one_cm":897986,"minecraft:open_chest":115,"minecraft:fall_one_cm":161800},"minecraft:killed":{"minecraft:spider":1,"minecraft:skeleton":5,"minecraft:magma_cube":1,"minecraft:zombie_villager":1,"minecraft:creeper":1,"minecraft:zombie":9,"minecraft:glow_squid":1,"minecraft:cow":1,"minecraft:slime":16,"minecraft:phantom":1,"minecraft:drowned":2,"minecraft:hoglin":2,"minecraft:wither_skeleton":3},"minecraft:used":{"minecraft:iron_shovel":341,"minecraft:ladder":5,"minecraft:chest":12,"minecraft:shield":34,"minecraft:iron_sword":235,"minecraft:rotten_flesh":2,"minecraft:iron_chestplate":12,"minecraft:soul_sand":2,"minecraft:iron_helmet":5,"minecraft:netherite_boots":1,"minecraft:golden_sword":2,"minecraft:furnace":4,"minecraft:acacia_fence":29,"minecraft:egg":3,"minecraft:diamond_boots":1,"minecraft:stone_pickaxe":120,"minecraft:oak_planks":1,"minecraft:wooden_pickaxe":29,"minecraft:sandstone":28,"minecraft:diamond_axe":4,"minecraft:golden_apple":1,"minecraft:blast_furnace":4,"minecraft:black_bed":2,"minecraft:melon_slice":16,"minecraft:cyan_bed":2,"minecraft:bread":62,"minecraft:diamond_sword":21,"minecraft:andesite":2,"minecraft:stone_sword":217,"minecraft:flint_and_steel":4,"minecraft:stone_shovel":637,"minecraft:spruce_planks":37,"minecraft:orange_bed":1,"minecraft:torch":116,"minecraft:dirt":820,"minecraft:golden_chestplate":1,"minecraft:dark_oak_planks":1,"minecraft:wooden_axe":65,"minecraft:iron_axe":138,"minecraft:iron_boots":3,"minecraft:smooth_basalt":1,"minecraft:golden_carrot":1,"minecraft:cobbled_deepslate":2,"minecraft:cooked_beef":2,"minecraft:acacia_planks":178,"minecraft:iron_leggings":6,"minecraft:acacia_boat":9,"minecraft:water_bucket":20,"minecraft:cherry_planks":6,"minecraft:crafting_table":10,"minecraft:white_bed":2,"minecraft:spruce_log":16,"minecraft:smoker":1,"minecraft:apple":2,"minecraft:cherry_door":2,"minecraft:iron_pickaxe":748,"minecraft:acacia_fence_gate":4,"minecraft:stone_axe":298,"minecraft:cobblestone":8,"minecraft:cooked_porkchop":26,"minecraft:bucket":20,"minecraft:yellow_bed":12},"minecraft:killed_by":{"minecraft:wither_skeleton":15,"minecraft:creeper":1,"minecraft:zombie":1,"minecraft:player":3,"minecraft:hoglin":2,"minecraft:skeleton":5,"minecraft:phantom":8},"minecraft:mined":{"minecraft:dark_oak_planks":1,"minecraft:cut_sandstone_slab":2,"minecraft:spruce_planks":6,"minecraft:white_bed":2,"minecraft:cherry_log":168,"minecraft:granite":2,"minecraft:acacia_log":92,"minecraft:grass_block":559,"minecraft:iron_ore":120,"minecraft:fire":2,"minecraft:pointed_dripstone":1,"minecraft:dirt_path":6,"minecraft:pink_tulip":1,"minecraft:azalea_leaves":1,"minecraft:azalea":2,"minecraft:orange_bed":1,"minecraft:deepslate_redstone_ore":4,"minecraft:blackstone":4,"minecraft:torch":2,"minecraft:clay":2,"minecraft:blast_furnace":4,"minecraft:melon":10,"minecraft:chest":3,"minecraft:dead_bush":2,"minecraft:cobblestone":1,"minecraft:cyan_bed":2,"minecraft:oak_planks":2,"minecraft:wall_torch":4,"minecraft:pink_petals":177,"minecraft:black_bed":2,"minecraft:oak_log":3,"minecraft:acacia_fence":3,"minecraft:dirt":250,"minecraft:oak_leaves":11,"minecraft:deepslate":1,"minecraft:mossy_cobblestone":20,"minecraft:nether_bricks":1,"minecraft:ladder":1,"minecraft:large_fern":1,"minecraft:hay_block":22,"minecraft:furnace":2,"minecraft:acacia_wood":1,"minecraft:andesite":32,"minecraft:peony":4,"minecraft:deepslate_iron_ore":29,"minecraft:white_tulip":4,"minecraft:stone":323,"minecraft:acacia_leaves":4,"minecraft:cherry_planks":6,"minecraft:soul_sand":10,"minecraft:red_banner":1,"minecraft:crafting_table":7,"minecraft:short_grass":572,"minecraft:emerald_ore":2,"minecraft:tall_grass":49,"minecraft:coarse_dirt":5,"minecraft:acacia_fence_gate":2,"minecraft:sweet_berry_bush":3,"minecraft:spruce_log":110,"minecraft:yellow_bed":12,"minecraft:coal_ore":296,"minecraft:cherry_leaves":1,"minecraft:dripstone_block":3,"minecraft:cobweb":6,"minecraft:acacia_planks":20,"minecraft:stripped_acacia_wood":1,"minecraft:gold_ore":7,"minecraft:fern":2},"minecraft:broken":{"minecraft:iron_shovel":1,"minecraft:stone_axe":1,"minecraft:wooden_axe":1,"minecraft:stone_shovel":4,"minecraft:iron_pickaxe":2},"minecraft:picked_up":{"minecraft:iron_chestplate":28,"minecraft:diamond_sword":4,"minecraft:enchanted_book":13,"minecraft:golden_sword":8,"minecraft:music_disc_cat":2,"minecraft:string":19,"minecraft:iron_leggings":13,"minecraft:shroomlight":1,"minecraft:cobbled_deepslate":6,"minecraft:bucket":1,"minecraft:spruce_planks":543,"minecraft:acacia_fence_gate":2,"minecraft:white_tulip":8,"minecraft:written_book":1,"minecraft:azalea":1,"minecraft:iron_pickaxe":20,"minecraft:melon_slice":151,"minecraft:iron_boots":15,"minecraft:furnace":2,"minecraft:stick":663,"minecraft:acacia_fence":33,"minecraft:torch":504,"minecraft:acacia_log":89,"minecraft:porkchop":111,"minecraft:cherry_log":168,"minecraft:pointed_dripstone":2,"minecraft:golden_chestplate":14,"minecraft:goat_horn":4,"minecraft:orange_bed":1,"minecraft:stone_sword":20,"minecraft:rotten_flesh":49,"minecraft:cobblestone":688,"minecraft:pink_petals":819,"minecraft:leather_chestplate":1,"minecraft:cooked_beef":3,"minecraft:cherry_planks":38,"minecraft:water_bucket":5,"minecraft:andesite":84,"minecraft:black_bed":2,"minecraft:potato":52,"minecraft:smooth_sandstone_stairs":20,"minecraft:acacia_boat":9,"minecraft:wither_skeleton_skull":6,"minecraft:dirt":940,"minecraft:cut_sandstone_slab":2,"minecraft:bone":379,"minecraft:acacia_planks":96,"minecraft:bow":5,"minecraft:wheat_seeds":114,"minecraft:raw_gold":35,"minecraft:bamboo":43,"minecraft:oak_planks":4,"minecraft:cooked_porkchop":66,"minecraft:music_disc_13":2,"minecraft:stripped_acacia_wood":2,"minecraft:sand":10,"minecraft:cyan_bed":2,"minecraft:mossy_cobblestone":100,"minecraft:dark_prismarine":7,"minecraft:spruce_boat":1,"minecraft:diamond":48,"minecraft:crossbow":4,"minecraft:granite":15,"minecraft:golden_apple":13,"minecraft:bread":67,"minecraft:golden_horse_armor":4,"minecraft:emerald":26,"minecraft:oak_sapling":2,"minecraft:fishing_rod":1,"minecraft:coarse_dirt":5,"minecraft:crafting_table":8,"minecraft:ladder":25,"minecraft:clay_ball":16,"minecraft:leather_leggings":3,"minecraft:diamond_horse_armor":8,"minecraft:shield":11,"minecraft:iron_axe":4,"minecraft:flint_and_steel":2,"minecraft:netherite_scrap":6,"minecraft:blackstone":4,"minecraft:netherite_sword":5,"minecraft:beef":7,"minecraft:oak_boat":1,"minecraft:player_head":12,"minecraft:poppy":1,"minecraft:light_gray_wool":4,"minecraft:lectern":6,"minecraft:chest":3,"minecraft:phantom_membrane":18,"minecraft:egg":9,"minecraft:raw_iron":310,"minecraft:sandstone":58,"minecraft:copper_ingot":1,"minecraft:carrot":15,"minecraft:redstone":54,"minecraft:dark_oak_planks":3,"minecraft:diamond_chestplate":2,"minecraft:arrow":57,"minecraft:stone_shovel":10,"minecraft:peony":10,"minecraft:diamond_boots":3,"minecraft:hay_block":21,"minecraft:pink_tulip":1,"minecraft:saddle":12,"minecraft:gold_ingot":178,"minecraft:netherite_boots":6,"minecraft:golden_carrot":6,"minecraft:glow_ink_sac":8,"minecraft:leather":15,"minecraft:acacia_wood":4,"minecraft:oak_log":4,"minecraft:yellow_bed":12,"minecraft:gunpowder":2,"minecraft:apple":10,"minecraft:iron_ingot":213,"minecraft:stone_pickaxe":3,"minecraft:soul_sand":135,"minecraft:acacia_sapling":31,"minecraft:iron_sword":10,"minecraft:book":127,"minecraft:smooth_basalt":2,"minecraft:sweet_berries":9,"minecraft:dripstone_block":2,"minecraft:gravel":2,"minecraft:red_banner":2,"minecraft:spruce_sapling":58,"minecraft:blast_furnace":4,"minecraft:white_bed":2,"minecraft:spruce_log":240,"minecraft:slime_ball":25,"minecraft:stone_axe":5,"minecraft:iron_helmet":13,"minecraft:diamond_axe":2,"minecraft:cherry_sapling":133,"minecraft:coal":748,"minecraft:ender_pearl":6}},"DataVersion":3955}