{"stats":{"minecraft:dropped":{"minecraft:sand":1},"minecraft:crafted":{"minecraft:spruce_planks":12},"minecraft:mined":{"minecraft:lime_bed":1,"minecraft:sand":1,"minecraft:green_carpet":2,"minecraft:tall_grass":1,"minecraft:spruce_log":3},"minecraft:picked_up":{"minecraft:lime_bed":1,"minecraft:cactus":2,"minecraft:sand":1,"minecraft:spruce_log":3,"minecraft:green_carpet":2},"minecraft:custom":{"minecraft:time_since_rest":5640,"minecraft:open_chest":4,"minecraft:crouch_one_cm":50,"minecraft:walk_one_cm":21389,"minecraft:play_time":11525,"minecraft:sprint_one_cm":20925,"minecraft:damage_taken":350,"minecraft:deaths":1,"minecraft:sneak_time":41,"minecraft:drop":1,"minecraft:jump":274,"minecraft:time_since_death":5513,"minecraft:walk_on_water_one_cm":245,"minecraft:total_world_time":11525,"minecraft:interact_with_crafting_table":1,"minecraft:talked_to_villager":1,"minecraft:fall_one_cm":14605,"minecraft:fly_one_cm":73453}},"DataVersion":3955}