{"stats":{"minecraft:killed":{"minecraft:armadillo":1,"minecraft:sheep":1,"minecraft:zombie":1,"minecraft:drowned":1,"minecraft:cow":1},"minecraft:killed_by":{"minecraft:drowned":1},"minecraft:dropped":{"minecraft:stone_axe":1,"minecraft:green_dye":1,"minecraft:sand":1,"minecraft:spruce_sapling":2,"minecraft:chiseled_sandstone":1},"minecraft:crafted":{"minecraft:crafting_table":2,"minecraft:spruce_planks":88,"minecraft:wooden_pickaxe":1,"minecraft:stone_axe":2,"minecraft:bread":10,"minecraft:stick":20,"minecraft:stone_pickaxe":1,"minecraft:wooden_axe":1,"minecraft:torch":52,"minecraft:wheat":27},"minecraft:used":{"minecraft:stone_pickaxe":100,"minecraft:wooden_pickaxe":5,"minecraft:torch":5,"minecraft:crafting_table":4,"minecraft:wooden_axe":36,"minecraft:bread":6,"minecraft:stone_axe":46,"minecraft:hay_block":1,"minecraft:orange_terracotta":1},"minecraft:mined":{"minecraft:orange_terracotta":1,"minecraft:crafting_table":3,"minecraft:short_grass":1,"minecraft:melon":4,"minecraft:jungle_log":17,"minecraft:tall_grass":1,"minecraft:spruce_leaves":2,"minecraft:hay_block":4,"minecraft:lime_bed":1,"minecraft:coarse_dirt":2,"minecraft:chiseled_sandstone":1,"minecraft:spruce_log":23,"minecraft:stone_brick_stairs":1,"minecraft:coal_ore":39,"minecraft:beetroots":1,"minecraft:vine":3,"minecraft:sand":7,"minecraft:dirt":2,"minecraft:green_carpet":2,"minecraft:cracked_stone_bricks":3,"minecraft:stone":56,"minecraft:stone_bricks":3},"minecraft:custom":{"minecraft:mob_kills":5,"minecraft:interact_with_crafting_table":8,"minecraft:bell_ring":1,"minecraft:time_since_death":13350,"minecraft:climb_one_cm":548,"minecraft:time_since_rest":13378,"minecraft:sprint_one_cm":61555,"minecraft:damage_taken":890,"minecraft:walk_one_cm":91828,"minecraft:drop":6,"minecraft:damage_dealt":883,"minecraft:swim_one_cm":554,"minecraft:talked_to_villager":1,"minecraft:fly_one_cm":137240,"minecraft:open_chest":14,"minecraft:crouch_one_cm":255,"minecraft:play_time":35525,"minecraft:deaths":2,"minecraft:sneak_time":296,"minecraft:walk_under_water_one_cm":23086,"minecraft:jump":579,"minecraft:walk_on_water_one_cm":16339,"minecraft:total_world_time":35525,"minecraft:fall_one_cm":20304},"minecraft:picked_up":{"minecraft:wooden_axe":1,"minecraft:lime_bed":2,"minecraft:crafting_table":4,"minecraft:wheat":1,"minecraft:jungle_log":17,"minecraft:leather":2,"minecraft:wooden_pickaxe":1,"minecraft:stone_brick_stairs":1,"minecraft:dirt":1,"minecraft:orange_terracotta":1,"minecraft:stone_bricks":3,"minecraft:cracked_stone_bricks":3,"minecraft:spruce_planks":64,"minecraft:beef":1,"minecraft:stone_pickaxe":1,"minecraft:jungle_sapling":2,"minecraft:melon_slice":24,"minecraft:green_dye":1,"minecraft:stick":17,"minecraft:raw_iron":1,"minecraft:bowl":3,"minecraft:sand":13,"minecraft:spruce_sapling":3,"minecraft:spruce_log":22,"minecraft:chiseled_sandstone":3,"minecraft:green_carpet":2,"minecraft:cactus":2,"minecraft:beetroot_seeds":1,"minecraft:stone_axe":1,"minecraft:hay_block":4,"minecraft:painting":1,"minecraft:emerald":3,"minecraft:bread":10,"minecraft:mutton":1,"minecraft:coal":39,"minecraft:white_wool":1,"minecraft:cobblestone":86}},"DataVersion":3955}