{"stats":{"minecraft:killed":{"minecraft:armadillo":1,"minecraft:drowned":1},"minecraft:killed_by":{"minecraft:drowned":1},"minecraft:dropped":{"minecraft:stone_axe":1,"minecraft:sand":1},"minecraft:crafted":{"minecraft:crafting_table":2,"minecraft:spruce_planks":88,"minecraft:stick":20,"minecraft:wooden_pickaxe":1,"minecraft:stone_pickaxe":1,"minecraft:wooden_axe":1,"minecraft:stone_axe":1,"minecraft:bread":10,"minecraft:wheat":27},"minecraft:used":{"minecraft:wooden_axe":36,"minecraft:bread":3,"minecraft:stone_pickaxe":33,"minecraft:wooden_pickaxe":5,"minecraft:stone_axe":8,"minecraft:hay_block":1,"minecraft:crafting_table":3,"minecraft:orange_terracotta":1},"minecraft:mined":{"minecraft:hay_block":4,"minecraft:lime_bed":1,"minecraft:coarse_dirt":2,"minecraft:chiseled_sandstone":1,"minecraft:spruce_log":23,"minecraft:orange_terracotta":1,"minecraft:crafting_table":2,"minecraft:dirt":1,"minecraft:sand":7,"minecraft:green_carpet":2,"minecraft:tall_grass":1,"minecraft:spruce_leaves":2,"minecraft:stone":36},"minecraft:picked_up":{"minecraft:lime_bed":1,"minecraft:stick":2,"minecraft:crafting_table":2,"minecraft:sand":7,"minecraft:spruce_sapling":1,"minecraft:spruce_log":22,"minecraft:green_carpet":2,"minecraft:chiseled_sandstone":1,"minecraft:orange_terracotta":1,"minecraft:cactus":2,"minecraft:stone_axe":1,"minecraft:hay_block":4,"minecraft:cobblestone":36},"minecraft:custom":{"minecraft:time_since_rest":1378,"minecraft:sprint_one_cm":41036,"minecraft:damage_taken":720,"minecraft:walk_one_cm":53899,"minecraft:mob_kills":2,"minecraft:drop":2,"minecraft:damage_dealt":322,"minecraft:swim_one_cm":554,"minecraft:talked_to_villager":1,"minecraft:interact_with_crafting_table":7,"minecraft:fly_one_cm":110960,"minecraft:open_chest":8,"minecraft:crouch_one_cm":122,"minecraft:play_time":23525,"minecraft:deaths":2,"minecraft:bell_ring":1,"minecraft:sneak_time":168,"minecraft:walk_under_water_one_cm":12639,"minecraft:jump":417,"minecraft:walk_on_water_one_cm":5731,"minecraft:time_since_death":1350,"minecraft:total_world_time":23525,"minecraft:fall_one_cm":17610}},"DataVersion":3955}