{"stats":{"minecraft:broken":{"minecraft:stone_pickaxe":1},"minecraft:killed":{"minecraft:armadillo":1,"minecraft:spider":1,"minecraft:creeper":1,"minecraft:skeleton":1,"minecraft:sheep":2,"minecraft:zombie":4,"minecraft:drowned":1,"minecraft:cow":1},"minecraft:killed_by":{"minecraft:drowned":1},"minecraft:dropped":{"minecraft:stone_axe":1,"minecraft:green_dye":1,"minecraft:jungle_sapling":2,"minecraft:sand":1,"minecraft:stone_brick_stairs":1,"minecraft:spruce_sapling":2,"minecraft:chiseled_sandstone":1},"minecraft:used":{"minecraft:stone_shovel":9,"minecraft:stone_pickaxe":165,"minecraft:shield":9,"minecraft:wooden_pickaxe":6,"minecraft:cracked_stone_bricks":3,"minecraft:torch":36,"minecraft:crafting_table":7,"minecraft:granite":2,"minecraft:wooden_axe":36,"minecraft:chiseled_sandstone":1,"minecraft:bread":10,"minecraft:stone_bricks":2,"minecraft:stone_axe":65,"minecraft:cobblestone":5,"minecraft:hay_block":1,"minecraft:furnace":1,"minecraft:orange_terracotta":1},"minecraft:crafted":{"minecraft:stone_shovel":1,"minecraft:crafting_table":2,"minecraft:spruce_planks":88,"minecraft:wooden_pickaxe":1,"minecraft:furnace":1,"minecraft:stone_axe":2,"minecraft:bread":10,"minecraft:shield":1,"minecraft:stick":25,"minecraft:iron_ingot":1,"minecraft:stone_pickaxe":2,"minecraft:wooden_axe":1,"minecraft:torch":52,"minecraft:wheat":27},"minecraft:mined":{"minecraft:orange_terracotta":1,"minecraft:crafting_table":6,"minecraft:granite":4,"minecraft:short_grass":1,"minecraft:melon":4,"minecraft:jungle_log":17,"minecraft:tall_grass":1,"minecraft:spruce_leaves":2,"minecraft:hay_block":4,"minecraft:lime_bed":1,"minecraft:coarse_dirt":2,"minecraft:furnace":1,"minecraft:iron_ore":7,"minecraft:chiseled_sandstone":1,"minecraft:spruce_log":23,"minecraft:stone_brick_stairs":1,"minecraft:coal_ore":81,"minecraft:beetroots":1,"minecraft:vine":3,"minecraft:gravel":12,"minecraft:sand":7,"minecraft:dirt":2,"minecraft:green_carpet":2,"minecraft:cracked_stone_bricks":3,"minecraft:stone":65,"minecraft:stone_bricks":3},"minecraft:custom":{"minecraft:interact_with_furnace":2,"minecraft:mob_kills":12,"minecraft:interact_with_crafting_table":12,"minecraft:bell_ring":1,"minecraft:time_since_death":25350,"minecraft:climb_one_cm":548,"minecraft:time_since_rest":25378,"minecraft:sprint_one_cm":76429,"minecraft:damage_taken":1090,"minecraft:walk_one_cm":128201,"minecraft:damage_blocked_by_shield":405,"minecraft:drop":8,"minecraft:damage_dealt":1983,"minecraft:swim_one_cm":554,"minecraft:talked_to_villager":1,"minecraft:fly_one_cm":154413,"minecraft:open_chest":14,"minecraft:crouch_one_cm":255,"minecraft:play_time":47525,"minecraft:deaths":2,"minecraft:sneak_time":315,"minecraft:walk_under_water_one_cm":27219,"minecraft:jump":728,"minecraft:walk_on_water_one_cm":22770,"minecraft:total_world_time":47525,"minecraft:fall_one_cm":23497},"minecraft:picked_up":{"minecraft:wooden_axe":1,"minecraft:lime_bed":2,"minecraft:crafting_table":7,"minecraft:wheat":1,"minecraft:jungle_log":17,"minecraft:leather":2,"minecraft:wooden_pickaxe":1,"minecraft:stone_brick_stairs":1,"minecraft:string":2,"minecraft:dirt":1,"minecraft:orange_terracotta":1,"minecraft:bone":2,"minecraft:stone_bricks":3,"minecraft:cracked_stone_bricks":3,"minecraft:spruce_planks":64,"minecraft:beef":1,"minecraft:stone_pickaxe":1,"minecraft:jungle_sapling":2,"minecraft:melon_slice":24,"minecraft:furnace":1,"minecraft:green_dye":1,"minecraft:stick":17,"minecraft:raw_iron":8,"minecraft:bowl":3,"minecraft:sand":13,"minecraft:spruce_sapling":3,"minecraft:spruce_log":22,"minecraft:chiseled_sandstone":3,"minecraft:green_carpet":2,"minecraft:arrow":1,"minecraft:cactus":2,"minecraft:beetroot_seeds":1,"minecraft:stone_axe":1,"minecraft:hay_block":4,"minecraft:granite":4,"minecraft:painting":1,"minecraft:emerald":3,"minecraft:bread":10,"minecraft:mutton":2,"minecraft:coal":80,"minecraft:white_wool":2,"minecraft:cobblestone":95}},"DataVersion":3955}