{"stats":{"minecraft:broken":{"minecraft:stone_pickaxe":1},"minecraft:killed":{"minecraft:armadillo":1,"minecraft:zombie_villager":1,"minecraft:spider":1,"minecraft:creeper":1,"minecraft:skeleton":6,"minecraft:sheep":2,"minecraft:zombie":32,"minecraft:drowned":1,"minecraft:enderman":1,"minecraft:cow":1},"minecraft:killed_by":{"minecraft:creeper":2,"minecraft:drowned":1},"minecraft:dropped":{"minecraft:stone_axe":1,"minecraft:dirt":1,"minecraft:green_dye":1,"minecraft:wooden_axe":1,"minecraft:beetroot_seeds":1,"minecraft:jungle_sapling":2,"minecraft:sand":1,"minecraft:stone_brick_stairs":1,"minecraft:spruce_sapling":2,"minecraft:chiseled_sandstone":1},"minecraft:used":{"minecraft:cooked_mutton":2,"minecraft:stone_shovel":9,"minecraft:stone_pickaxe":218,"minecraft:baked_potato":1,"minecraft:spruce_planks":4,"minecraft:shield":37,"minecraft:wooden_pickaxe":6,"minecraft:rotten_flesh":12,"minecraft:cracked_stone_bricks":3,"minecraft:torch":84,"minecraft:lime_bed":1,"minecraft:crafting_table":11,"minecraft:jungle_planks":72,"minecraft:granite":2,"minecraft:wooden_axe":36,"minecraft:chiseled_sandstone":1,"minecraft:melon_slice":24,"minecraft:iron_axe":122,"minecraft:bread":13,"minecraft:iron_boots":1,"minecraft:gravel":1,"minecraft:stone_bricks":2,"minecraft:stone_axe":73,"minecraft:bow":8,"minecraft:cobblestone":10,"minecraft:hay_block":1,"minecraft:furnace":5,"minecraft:orange_terracotta":1},"minecraft:crafted":{"minecraft:cooked_beef":1,"minecraft:stone_shovel":1,"minecraft:crafting_table":2,"minecraft:spruce_planks":88,"minecraft:baked_potato":1,"minecraft:wooden_pickaxe":1,"minecraft:furnace":1,"minecraft:stone_axe":2,"minecraft:cooked_mutton":2,"minecraft:bread":10,"minecraft:jungle_planks":68,"minecraft:iron_chestplate":1,"minecraft:iron_boots":1,"minecraft:shield":1,"minecraft:iron_axe":1,"minecraft:stick":49,"minecraft:iron_ingot":26,"minecraft:iron_pickaxe":1,"minecraft:stone_pickaxe":2,"minecraft:wooden_axe":1,"minecraft:iron_leggings":1,"minecraft:torch":134,"minecraft:wheat":27},"minecraft:mined":{"minecraft:orange_terracotta":1,"minecraft:crafting_table":9,"minecraft:granite":19,"minecraft:short_grass":1,"minecraft:melon":4,"minecraft:jungle_planks":18,"minecraft:jungle_log":17,"minecraft:tall_grass":1,"minecraft:spruce_leaves":2,"minecraft:wall_torch":1,"minecraft:hay_block":4,"minecraft:lime_bed":1,"minecraft:coarse_dirt":2,"minecraft:furnace":4,"minecraft:iron_ore":26,"minecraft:chiseled_sandstone":1,"minecraft:spruce_log":23,"minecraft:stone_brick_stairs":1,"minecraft:coal_ore":86,"minecraft:beetroots":1,"minecraft:vine":3,"minecraft:gravel":14,"minecraft:sand":7,"minecraft:dirt":2,"minecraft:green_carpet":2,"minecraft:cracked_stone_bricks":3,"minecraft:stone":74,"minecraft:stone_bricks":3},"minecraft:custom":{"minecraft:interact_with_furnace":19,"minecraft:mob_kills":48,"minecraft:interact_with_crafting_table":21,"minecraft:bell_ring":1,"minecraft:time_since_death":55844,"minecraft:sleep_in_bed":1,"minecraft:climb_one_cm":548,"minecraft:time_since_rest":12043,"minecraft:sprint_one_cm":98253,"minecraft:damage_taken":2823,"minecraft:walk_one_cm":224044,"minecraft:damage_blocked_by_shield":1830,"minecraft:drop":11,"minecraft:damage_dealt":8441,"minecraft:swim_one_cm":554,"minecraft:talked_to_villager":1,"minecraft:fly_one_cm":181960,"minecraft:open_chest":14,"minecraft:crouch_one_cm":2891,"minecraft:play_time":113525,"minecraft:deaths":4,"minecraft:sneak_time":4281,"minecraft:walk_under_water_one_cm":32353,"minecraft:jump":1146,"minecraft:walk_on_water_one_cm":24324,"minecraft:total_world_time":113525,"minecraft:fall_one_cm":34097},"minecraft:picked_up":{"minecraft:wooden_axe":1,"minecraft:leather_chestplate":1,"minecraft:lime_bed":2,"minecraft:crafting_table":12,"minecraft:wheat":3,"minecraft:cooked_beef":1,"minecraft:jungle_log":17,"minecraft:leather_leggings":2,"minecraft:leather":4,"minecraft:wooden_pickaxe":2,"minecraft:potato":1,"minecraft:stone_brick_stairs":1,"minecraft:shield":2,"minecraft:string":6,"minecraft:dirt":1,"minecraft:paper":12,"minecraft:iron_axe":2,"minecraft:orange_terracotta":1,"minecraft:compass":2,"minecraft:cooked_mutton":4,"minecraft:bone":12,"minecraft:stone_bricks":5,"minecraft:bow":3,"minecraft:cracked_stone_bricks":3,"minecraft:spruce_planks":177,"minecraft:beef":1,"minecraft:stone_pickaxe":3,"minecraft:jungle_sapling":2,"minecraft:melon_slice":72,"minecraft:iron_boots":2,"minecraft:furnace":5,"minecraft:green_dye":1,"minecraft:stick":23,"minecraft:raw_iron":27,"minecraft:gravel":2,"minecraft:torch":12,"minecraft:bowl":9,"minecraft:jungle_planks":150,"minecraft:sand":25,"minecraft:spruce_sapling":3,"minecraft:spruce_log":22,"minecraft:chiseled_sandstone":3,"minecraft:green_carpet":2,"minecraft:rotten_flesh":29,"minecraft:stone_shovel":1,"minecraft:arrow":11,"minecraft:cactus":2,"minecraft:beetroot_seeds":1,"minecraft:stone_axe":3,"minecraft:hay_block":4,"minecraft:granite":28,"minecraft:painting":3,"minecraft:emerald":9,"minecraft:bread":12,"minecraft:mutton":2,"minecraft:coal":280,"minecraft:white_wool":6,"minecraft:cobblestone":178,"minecraft:ender_pearl":1}},"DataVersion":3955}