{"stats":{"minecraft:broken":{"minecraft:diamond_helmet":1,"minecraft:wooden_axe":1,"minecraft:shield":5,"minecraft:diamond_axe":1,"minecraft:iron_axe":1},"minecraft:killed":{"minecraft:witch":1,"minecraft:spider":10,"minecraft:skeleton":68,"minecraft:chicken":8,"minecraft:magma_cube":3,"minecraft:pig":15,"minecraft:zombie_villager":1,"minecraft:salmon":29,"minecraft:iron_golem":1,"minecraft:creeper":4,"minecraft:sheep":6,"minecraft:pillager":5,"minecraft:zombie":80,"minecraft:stray":4,"minecraft:blaze":25,"minecraft:cow":7,"minecraft:armadillo":1,"minecraft:slime":8,"minecraft:phantom":5,"minecraft:llama":1,"minecraft:drowned":2,"minecraft:husk":7,"minecraft:rabbit":4,"minecraft:wandering_trader":1,"minecraft:hoglin":9,"minecraft:wither_skeleton":56,"minecraft:player":1,"minecraft:enderman":5},"minecraft:killed_by":{"minecraft:wither_skeleton":11,"minecraft:creeper":4,"minecraft:zombie":3,"minecraft:stray":1,"minecraft:enderman":1,"minecraft:skeleton":2,"minecraft:phantom":1},"minecraft:dropped":{"minecraft:iron_sword":1,"minecraft:porkchop":54,"minecraft:dark_oak_stairs":1,"minecraft:diamond_axe":2,"minecraft:lapis_lazuli":64,"minecraft:glass_bottle":1,"minecraft:ender_pearl":1,"minecraft:diamond":44,"minecraft:crafting_table":2,"minecraft:cooked_porkchop":7,"minecraft:crossbow":1,"minecraft:leather":5,"minecraft:iron_horse_armor":1,"minecraft:saddle":3,"minecraft:rail":20,"minecraft:red_carpet":1,"minecraft:emerald":1,"minecraft:gold_block":4,"minecraft:dirt":6,"minecraft:stone_button":16,"minecraft:mutton":2,"minecraft:netherite_boots":2,"minecraft:jungle_sapling":83,"minecraft:amethyst_shard":6,"minecraft:phantom_membrane":2,"minecraft:sand":2,"minecraft:iron_pickaxe":2,"minecraft:dark_oak_planks":2,"minecraft:gold_ingot":54,"minecraft:bone":11,"minecraft:dark_oak_door":1,"minecraft:stone_axe":1,"minecraft:cobbled_deepslate":5,"minecraft:golden_chestplate":3,"minecraft:rotten_flesh":34,"minecraft:oak_planks":55,"minecraft:salmon":5,"minecraft:chainmail_chestplate":2,"minecraft:beetroot_seeds":5,"minecraft:melon_seeds":14,"minecraft:chest":1,"minecraft:chainmail_boots":2,"minecraft:leather_leggings":1,"minecraft:spruce_slab":8,"minecraft:arrow":29,"minecraft:beef":13,"minecraft:lectern":1,"minecraft:bread":138,"minecraft:iron_ingot":8,"minecraft:enchanted_book":1,"minecraft:golden_boots":1,"minecraft:oak_slab":4,"minecraft:wheat_seeds":11,"minecraft:iron_helmet":7,"minecraft:cobblestone":3,"minecraft:book":4,"minecraft:spruce_stairs":7,"minecraft:stick":44,"minecraft:diamond_horse_armor":1,"minecraft:golden_carrot":6,"minecraft:torch":15,"minecraft:rabbit":2,"minecraft:diamond_helmet":1,"minecraft:cooked_salmon":6,"minecraft:iron_leggings":6,"minecraft:armadillo_scute":1,"minecraft:chainmail_leggings":2,"minecraft:string":3,"minecraft:pink_petals":24,"minecraft:spruce_sapling":6,"minecraft:chiseled_sandstone":1,"minecraft:furnace":1,"minecraft:moss_carpet":2,"minecraft:nether_wart":29,"minecraft:stone_sword":1,"minecraft:cocoa_beans":39,"minecraft:light_gray_wool":1,"minecraft:iron_boots":7,"minecraft:diamond_sword":4,"minecraft:shroomlight":1,"minecraft:flower_pot":1,"minecraft:diamond_chestplate":1,"minecraft:spruce_planks":251,"minecraft:iron_chestplate":1,"minecraft:oak_boat":1,"minecraft:oak_sapling":169,"minecraft:golden_sword":1,"minecraft:spider_eye":3,"minecraft:diamond_boots":1,"minecraft:sandstone":1,"minecraft:bow":2,"minecraft:stone_pickaxe":2,"minecraft:wooden_pickaxe":1,"minecraft:stripped_spruce_wood":1,"minecraft:magma_cream":1,"minecraft:black_wool":1,"minecraft:brick":3},"minecraft:crafted":{"minecraft:grindstone":1,"minecraft:oak_planks":1352,"minecraft:cooked_chicken":3,"minecraft:stone":3,"minecraft:bookshelf":21,"minecraft:diamond_helmet":1,"minecraft:diamond_leggings":2,"minecraft:iron_boots":1,"minecraft:chest":7,"minecraft:raw_iron_block":5,"minecraft:oak_slab":12,"minecraft:emerald":449,"minecraft:crafting_table":10,"minecraft:cooked_porkchop":24,"minecraft:diamond_axe":2,"minecraft:spruce_planks":476,"minecraft:wooden_pickaxe":1,"minecraft:iron_helmet":2,"minecraft:fletching_table":3,"minecraft:hay_block":5,"minecraft:campfire":2,"minecraft:lectern":2,"minecraft:charcoal":3,"minecraft:diamond_pickaxe":2,"minecraft:shield":5,"minecraft:stone_slab":6,"minecraft:stick":13128,"minecraft:iron_ingot":22,"minecraft:iron_pickaxe":1,"minecraft:black_bed":1,"minecraft:furnace":1,"minecraft:iron_axe":1,"minecraft:stone_pickaxe":1,"minecraft:diamond_boots":1,"minecraft:spruce_boat":7,"minecraft:wheat":801,"minecraft:cooked_beef":4,"minecraft:diamond_sword":1,"minecraft:enchanting_table":1,"minecraft:cooked_salmon":29,"minecraft:bucket":1,"minecraft:stone_axe":1,"minecraft:enchanted_book":11,"minecraft:air":0,"minecraft:bread":254,"minecraft:jungle_planks":5228,"minecraft:oak_boat":2,"minecraft:wooden_axe":2,"minecraft:iron_shovel":1,"minecraft:iron_leggings":1,"minecraft:white_bed":1,"minecraft:acacia_planks":4,"minecraft:torch":196,"minecraft:diamond_chestplate":1},"minecraft:used":{"minecraft:beetroot":2,"minecraft:moss_carpet":2,"minecraft:iron_shovel":47,"minecraft:chest":8,"minecraft:shield":225,"minecraft:rotten_flesh":11,"minecraft:sculk_sensor":1,"minecraft:mutton":4,"minecraft:acacia_sapling":1,"minecraft:tuff":7,"minecraft:obsidian":10,"minecraft:spruce_boat":8,"minecraft:jungle_sapling":65,"minecraft:lava_bucket":9,"minecraft:dark_oak_wood":6,"minecraft:netherite_boots":3,"minecraft:red_carpet":1,"minecraft:bow":17,"minecraft:written_book":2,"minecraft:scaffolding":19,"minecraft:oak_sapling":5,"minecraft:furnace":3,"minecraft:beetroot_seeds":2,"minecraft:egg":1,"minecraft:stripped_spruce_wood":1,"minecraft:diamond_boots":2,"minecraft:oak_planks":101,"minecraft:stone_pickaxe":77,"minecraft:blackstone":30,"minecraft:ender_pearl":2,"minecraft:wooden_pickaxe":4,"minecraft:sandstone":2,"minecraft:diamond_axe":2483,"minecraft:golden_apple":4,"minecraft:dark_oak_trapdoor":2,"minecraft:sand":3,"minecraft:black_bed":3,"minecraft:zombie_head":2,"minecraft:bread":171,"minecraft:lectern":155,"minecraft:gravel":51,"minecraft:diamond_sword":1012,"minecraft:fire_charge":4,"minecraft:grindstone":1,"minecraft:oak_boat":24,"minecraft:experience_bottle":18,"minecraft:stripped_acacia_wood":1,"minecraft:trident":8,"minecraft:enchanting_table":2,"minecraft:redstone":3,"minecraft:spruce_planks":295,"minecraft:cooked_salmon":23,"minecraft:cooked_chicken":3,"minecraft:oak_door":1,"minecraft:orange_bed":1,"minecraft:torch":254,"minecraft:dirt":29,"minecraft:diamond_helmet":4,"minecraft:granite":10,"minecraft:nether_brick_stairs":1,"minecraft:wooden_axe":84,"minecraft:bookshelf":20,"minecraft:iron_axe":160,"minecraft:jungle_log":1,"minecraft:smooth_basalt":6,"minecraft:diamond_chestplate":6,"minecraft:goat_horn":12,"minecraft:cooked_beef":4,"minecraft:acacia_planks":5,"minecraft:cobbled_deepslate":19,"minecraft:enchanted_golden_apple":1,"minecraft:cooked_mutton":1,"minecraft:wheat_seeds":7,"minecraft:water_bucket":25,"minecraft:cyan_candle":4,"minecraft:fletching_table":16,"minecraft:green_bed":1,"minecraft:mossy_cobblestone":2,"minecraft:oak_slab":6,"minecraft:crafting_table":28,"minecraft:tnt":9,"minecraft:campfire":2,"minecraft:white_bed":2,"minecraft:oak_log":5,"minecraft:flower_pot":1,"minecraft:dark_prismarine":1,"minecraft:diamond_pickaxe":536,"minecraft:apple":6,"minecraft:iron_pickaxe":7,"minecraft:stone_axe":6,"minecraft:pink_petals":16,"minecraft:cobblestone":17,"minecraft:cooked_porkchop":22,"minecraft:red_banner":1,"minecraft:bucket":36,"minecraft:diamond_leggings":7},"minecraft:mined":{"minecraft:stone_pressure_plate":1,"minecraft:spruce_planks":42,"minecraft:andesite_stairs":30,"minecraft:jungle_leaves":3,"minecraft:obsidian":2,"minecraft:spruce_trapdoor":31,"minecraft:granite":3,"minecraft:acacia_log":1,"minecraft:grass_block":10,"minecraft:jungle_log":1331,"minecraft:deepslate_tile_stairs":22,"minecraft:nether_wart":29,"minecraft:spawner":30,"minecraft:raw_iron_block":8,"minecraft:dark_oak_trapdoor":1,"minecraft:iron_ore":10,"minecraft:fire":52,"minecraft:moss_carpet":1,"minecraft:deepslate_lapis_ore":5,"minecraft:fletching_table":13,"minecraft:nether_brick_stairs":1,"minecraft:enchanting_table":1,"minecraft:flowering_azalea_leaves":1,"minecraft:oak_stairs":15,"minecraft:spruce_wood":1,"minecraft:iron_block":1,"minecraft:spruce_slab":56,"minecraft:green_bed":2,"minecraft:orange_bed":1,"minecraft:blackstone":74,"minecraft:orange_terracotta":1,"minecraft:deepslate_tile_slab":16,"minecraft:torch":7,"minecraft:chest":1,"minecraft:white_stained_glass_pane":6,"minecraft:dead_bush":16,"minecraft:cobblestone":39,"minecraft:oak_planks":52,"minecraft:wall_torch":3,"minecraft:pink_petals":15,"minecraft:skeleton_skull":1,"minecraft:chain":2,"minecraft:wheat":8,"minecraft:tnt":8,"minecraft:black_bed":2,"minecraft:potted_poppy":1,"minecraft:smooth_stone_slab":5,"minecraft:oak_log":129,"minecraft:beetroots":2,"minecraft:sand":3,"minecraft:dirt":10,"minecraft:oak_leaves":6,"minecraft:deepslate":16,"minecraft:emerald_block":2,"minecraft:dark_prismarine":2,"minecraft:tuff":42,"minecraft:mossy_cobblestone":10,"minecraft:deepslate_diamond_ore":62,"minecraft:candle":1,"minecraft:oak_door":1,"minecraft:gray_stained_glass_pane":4,"minecraft:redstone_wire":3,"minecraft:sandstone":5,"minecraft:hay_block":83,"minecraft:furnace":3,"minecraft:jungle_sapling":3,"minecraft:raw_gold_block":6,"minecraft:chiseled_sandstone":4,"minecraft:acacia_wood":3,"minecraft:stripped_spruce_log":32,"minecraft:gold_block":8,"minecraft:bookshelf":5,"minecraft:vine":86,"minecraft:deepslate_iron_ore":52,"minecraft:stripped_oak_log":37,"minecraft:stone":27,"minecraft:oak_slab":6,"minecraft:scaffolding":12,"minecraft:acacia_leaves":3,"minecraft:soul_sand":11,"minecraft:crafting_table":18,"minecraft:short_grass":85,"minecraft:oak_wood":192,"minecraft:andesite_slab":6,"minecraft:campfire":3,"minecraft:lectern":155,"minecraft:tall_grass":36,"minecraft:deepslate_gold_ore":20,"minecraft:lapis_ore":8,"minecraft:spruce_stairs":72,"minecraft:stripped_spruce_wood":1,"minecraft:spruce_log":103,"minecraft:black_wool":4,"minecraft:coal_ore":67,"minecraft:cocoa":1,"minecraft:gravel":58,"minecraft:acacia_planks":1,"minecraft:stone_bricks":6,"minecraft:iron_trapdoor":1,"minecraft:fern":20},"minecraft:custom":{"minecraft:interact_with_crafting_table":88,"minecraft:open_barrel":23,"minecraft:leave_game":25,"minecraft:time_since_death":165156,"minecraft:damage_resisted":117,"minecraft:sprint_one_cm":1486163,"minecraft:damage_blocked_by_shield":12952,"minecraft:drop":235,"minecraft:play_noteblock":27,"minecraft:talked_to_villager":353,"minecraft:play_time":664446,"minecraft:deaths":26,"minecraft:jump":10921,"minecraft:interact_with_brewingstand":1,"minecraft:walk_on_water_one_cm":65707,"minecraft:enchant_item":5,"minecraft:interact_with_furnace":70,"minecraft:traded_with_villager":454,"minecraft:sleep_in_bed":17,"minecraft:damage_dealt":70885,"minecraft:player_kills":4,"minecraft:crouch_one_cm":116226,"minecraft:interact_with_smoker":2,"minecraft:inspect_dispenser":8,"minecraft:horse_one_cm":623082,"minecraft:mob_kills":373,"minecraft:interact_with_campfire":9,"minecraft:climb_one_cm":12645,"minecraft:walk_one_cm":1010776,"minecraft:sneak_time":38418,"minecraft:walk_under_water_one_cm":60366,"minecraft:boat_one_cm":1086541,"minecraft:interact_with_blast_furnace":2,"minecraft:total_world_time":664446,"minecraft:tune_noteblock":15,"minecraft:interact_with_grindstone":4,"minecraft:time_since_rest":17129,"minecraft:damage_taken":17108,"minecraft:damage_absorbed":280,"minecraft:trigger_trapped_chest":1,"minecraft:swim_one_cm":220115,"minecraft:fly_one_cm":2231096,"minecraft:open_chest":281,"minecraft:fall_one_cm":303169},"minecraft:picked_up":{"minecraft:iron_chestplate":2,"minecraft:wheat":15,"minecraft:chainmail_boots":2,"minecraft:flower_pot":3,"minecraft:diamond_sword":14,"minecraft:oak_stairs":16,"minecraft:wither_rose":12,"minecraft:enchanted_book":8,"minecraft:golden_sword":1,"minecraft:string":16,"minecraft:dark_oak_trapdoor":4,"minecraft:iron_leggings":5,"minecraft:experience_bottle":13,"minecraft:zombie_head":2,"minecraft:shroomlight":1,"minecraft:beetroot":2,"minecraft:diamond_leggings":10,"minecraft:cobbled_deepslate":72,"minecraft:bucket":3,"minecraft:spruce_planks":843,"minecraft:iron_pickaxe":7,"minecraft:enchanted_golden_apple":5,"minecraft:iron_boots":6,"minecraft:furnace":10,"minecraft:dark_oak_door":1,"minecraft:stick":513,"minecraft:torch":297,"minecraft:green_bed":2,"minecraft:acacia_log":1,"minecraft:spruce_stairs":73,"minecraft:porkchop":131,"minecraft:deepslate_tile_stairs":23,"minecraft:golden_chestplate":3,"minecraft:goat_horn":4,"minecraft:orange_bed":1,"minecraft:stone_sword":2,"minecraft:cactus":2,"minecraft:rotten_flesh":141,"minecraft:iron_block":1,"minecraft:armadillo_scute":3,"minecraft:bookshelf":1,"minecraft:blaze_rod":15,"minecraft:obsidian":2,"minecraft:cobblestone":74,"minecraft:enchanting_table":1,"minecraft:pink_petals":40,"minecraft:feather":11,"minecraft:magma_cream":1,"minecraft:water_bucket":8,"minecraft:jungle_log":1319,"minecraft:black_bed":2,"minecraft:potato":10,"minecraft:flint":7,"minecraft:stripped_spruce_wood":2,"minecraft:tuff":42,"minecraft:smooth_sandstone_stairs":8,"minecraft:wither_skeleton_skull":3,"minecraft:lapis_lazuli":526,"minecraft:dirt":50,"minecraft:cut_sandstone_slab":4,"minecraft:lantern":1,"minecraft:name_tag":2,"minecraft:bone":641,"minecraft:acacia_planks":11,"minecraft:bow":10,"minecraft:wheat_seeds":32,"minecraft:raw_gold":74,"minecraft:diamond_helmet":8,"minecraft:cyan_candle":4,"minecraft:fletching_table":13,"minecraft:rabbit":6,"minecraft:oak_planks":361,"minecraft:cooked_porkchop":62,"minecraft:stripped_acacia_wood":3,"minecraft:sand":44,"minecraft:stripped_spruce_log":32,"minecraft:nether_brick_stairs":1,"minecraft:mossy_cobblestone":11,"minecraft:chiseled_sandstone":1,"minecraft:dark_prismarine":2,"minecraft:diamond":207,"minecraft:spruce_boat":1,"minecraft:crossbow":1,"minecraft:granite":17,"minecraft:golden_apple":3,"minecraft:emerald":1,"minecraft:bread":245,"minecraft:oak_sapling":303,"minecraft:light_gray_carpet":3,"minecraft:andesite_slab":8,"minecraft:diamond_pickaxe":13,"minecraft:charcoal":6,"minecraft:cocoa_beans":39,"minecraft:crafting_table":30,"minecraft:chicken":7,"minecraft:nether_wart":36,"minecraft:leather_leggings":1,"minecraft:wooden_pickaxe":3,"minecraft:cooked_rabbit":1,"minecraft:gold_block":12,"minecraft:diamond_horse_armor":1,"minecraft:chain":2,"minecraft:brick":3,"minecraft:shield":13,"minecraft:moss_carpet":4,"minecraft:iron_axe":5,"minecraft:flint_and_steel":2,"minecraft:netherite_scrap":6,"minecraft:item_frame":1,"minecraft:blackstone":195,"minecraft:netherite_sword":1,"minecraft:beef":22,"minecraft:andesite_stairs":30,"minecraft:oak_boat":26,"minecraft:player_head":2,"minecraft:jungle_sapling":152,"minecraft:light_gray_wool":1,"minecraft:spruce_slab":91,"minecraft:lectern":156,"minecraft:chest":2,"minecraft:spruce_trapdoor":29,"minecraft:phantom_membrane":10,"minecraft:egg":1,"minecraft:raw_iron":231,"minecraft:sandstone":3,"minecraft:raw_gold_block":6,"minecraft:oak_door":3,"minecraft:stone_button":24,"minecraft:trident":3,"minecraft:carrot":30,"minecraft:redstone":52,"minecraft:iron_horse_armor":2,"minecraft:stone_pressure_plate":1,"minecraft:dark_oak_planks":2,"minecraft:tnt":9,"minecraft:arrow":260,"minecraft:stone_shovel":4,"minecraft:diamond_chestplate":13,"minecraft:beetroot_seeds":7,"minecraft:diamond_boots":5,"minecraft:hay_block":84,"minecraft:stripped_dark_oak_wood":1,"minecraft:gold_ingot":136,"minecraft:saddle":5,"minecraft:black_banner":2,"minecraft:glow_berries":18,"minecraft:mutton":10,"minecraft:white_wool":23,"minecraft:skeleton_skull":1,"minecraft:rail":20,"minecraft:stripped_oak_log":36,"minecraft:netherite_boots":10,"minecraft:golden_carrot":6,"minecraft:salmon":34,"minecraft:leather":9,"minecraft:acacia_wood":3,"minecraft:oak_log":313,"minecraft:chainmail_chestplate":2,"minecraft:golden_boots":1,"minecraft:gunpowder":27,"minecraft:deepslate_tile_slab":14,"minecraft:orange_terracotta":1,"minecraft:cooked_mutton":4,"minecraft:smooth_sandstone":16,"minecraft:red_carpet":2,"minecraft:apple":31,"minecraft:stone_bricks":6,"minecraft:rabbit_hide":1,"minecraft:spruce_wood":1,"minecraft:iron_ingot":31,"minecraft:stone_pickaxe":5,"minecraft:cooked_chicken":3,"minecraft:glass_bottle":3,"minecraft:iron_sword":2,"minecraft:acacia_sapling":1,"minecraft:soul_sand":10,"minecraft:dark_oak_stairs":1,"minecraft:book":46,"minecraft:scaffolding":19,"minecraft:oak_slab":6,"minecraft:smooth_basalt":12,"minecraft:dark_oak_slab":8,"minecraft:emerald_block":3,"minecraft:raw_iron_block":8,"minecraft:gravel":51,"minecraft:amethyst_shard":6,"minecraft:spruce_sapling":6,"minecraft:red_banner":1,"minecraft:white_bed":1,"minecraft:spruce_log":338,"minecraft:spider_eye":5,"minecraft:oak_wood":189,"minecraft:slime_ball":6,"minecraft:stone_axe":2,"minecraft:chainmail_leggings":2,"minecraft:iron_helmet":9,"minecraft:diamond_axe":6,"minecraft:melon_seeds":20,"minecraft:coal":170,"minecraft:black_wool":4,"minecraft:dark_oak_wood":6,"minecraft:ender_pearl":35}},"DataVersion":3955}