{"stats":{"minecraft:mined":{"minecraft:tuff":11,"minecraft:spruce_planks":1,"minecraft:white_bed":2,"minecraft:mossy_cobblestone":3,"minecraft:deepslate_diamond_ore":2,"minecraft:cobblestone_stairs":1,"minecraft:cherry_log":22,"minecraft:brewing_stand":2,"minecraft:gray_stained_glass_pane":2,"minecraft:acacia_log":1,"minecraft:spruce_fence":1,"minecraft:grass_block":354,"minecraft:birch_slab":1,"minecraft:spruce_leaves":2,"minecraft:moss_block":2,"minecraft:large_fern":2,"minecraft:hay_block":101,"minecraft:tall_seagrass":4,"minecraft:magma_block":21,"minecraft:raw_iron_block":3,"minecraft:redstone_ore":5,"minecraft:furnace":4,"minecraft:packed_mud":2,"minecraft:fire":1,"minecraft:iron_ore":86,"minecraft:barrel":5,"minecraft:cobbled_deepslate":4,"minecraft:andesite":7,"minecraft:moss_carpet":2,"minecraft:deepslate_lapis_ore":14,"minecraft:fletching_table":1,"minecraft:bookshelf":28,"minecraft:pointed_dripstone":1,"minecraft:deepslate_iron_ore":111,"minecraft:iron_bars":6,"minecraft:spruce_pressure_plate":6,"minecraft:stone":77,"minecraft:orange_bed":2,"minecraft:smithing_table":1,"minecraft:deepslate_redstone_ore":1,"minecraft:birch_stairs":8,"minecraft:oak_slab":1,"minecraft:acacia_leaves":4,"minecraft:red_bed":3,"minecraft:smoker":2,"minecraft:stripped_dark_oak_log":4,"minecraft:crafting_table":12,"minecraft:torch":7,"minecraft:short_grass":147,"minecraft:blast_furnace":7,"minecraft:poppy":2,"minecraft:chest":14,"minecraft:white_stained_glass_pane":2,"minecraft:dead_bush":19,"minecraft:lectern":3,"minecraft:tall_grass":52,"minecraft:cobblestone":59,"minecraft:deepslate_gold_ore":5,"minecraft:lapis_ore":4,"minecraft:oak_planks":1,"minecraft:green_stained_glass_pane":3,"minecraft:sugar_cane":8,"minecraft:wall_torch":8,"minecraft:pink_petals":4,"minecraft:seagrass":2,"minecraft:spruce_stairs":16,"minecraft:birch_planks":17,"minecraft:coarse_dirt":1,"minecraft:black_wall_banner":1,"minecraft:spruce_log":21,"minecraft:stripped_oak_wood":1,"minecraft:yellow_bed":3,"minecraft:oak_log":3,"minecraft:coal_ore":86,"minecraft:cherry_leaves":40,"minecraft:gravel":1,"minecraft:flower_pot":1,"minecraft:dirt":237,"minecraft:cracked_stone_bricks":1,"minecraft:terracotta":45,"minecraft:stone_bricks":14,"minecraft:gold_ore":5,"minecraft:deepslate":19,"minecraft:oak_leaves":6,"minecraft:fern":1},"minecraft:used":{"minecraft:stone_sword":115,"minecraft:writable_book":3,"minecraft:iron_shovel":561,"minecraft:stone_shovel":20,"minecraft:poppy":1,"minecraft:spruce_planks":2,"minecraft:chest":9,"minecraft:shield":39,"minecraft:iron_sword":197,"minecraft:cooked_salmon":1,"minecraft:stone_hoe":105,"minecraft:orange_bed":2,"minecraft:iron_chestplate":1,"minecraft:torch":356,"minecraft:dirt":4,"minecraft:milk_bucket":1,"minecraft:lava_bucket":7,"minecraft:bookshelf":6,"minecraft:iron_axe":31,"minecraft:barrel":5,"minecraft:bow":1,"minecraft:furnace":1,"minecraft:cooked_beef":7,"minecraft:cobbled_deepslate":12,"minecraft:water_bucket":15,"minecraft:birch_planks":5,"minecraft:stone_pickaxe":217,"minecraft:birch_boat":4,"minecraft:wooden_pickaxe":3,"minecraft:crafting_table":14,"minecraft:red_bed":3,"minecraft:blast_furnace":5,"minecraft:white_bed":2,"minecraft:painting":7,"minecraft:apple":9,"minecraft:birch_slab":1,"minecraft:bread":57,"minecraft:iron_pickaxe":427,"minecraft:cherry_sign":2,"minecraft:stone_axe":140,"minecraft:cobblestone":114,"minecraft:bucket":25,"minecraft:yellow_bed":2,"minecraft:oak_boat":1,"minecraft:birch_stairs":1},"minecraft:broken":{"minecraft:iron_shovel":2,"minecraft:stone_pickaxe":1,"minecraft:stone_axe":1,"minecraft:iron_pickaxe":2},"minecraft:custom":{"minecraft:mob_kills":37,"minecraft:interact_with_crafting_table":29,"minecraft:open_barrel":34,"minecraft:bell_ring":2,"minecraft:leave_game":7,"minecraft:time_since_death":90,"minecraft:climb_one_cm":5675,"minecraft:sprint_one_cm":802565,"minecraft:walk_one_cm":759038,"minecraft:damage_blocked_by_shield":2429,"minecraft:drop":36,"minecraft:talked_to_villager":2,"minecraft:play_time":289103,"minecraft:deaths":14,"minecraft:sneak_time":7263,"minecraft:walk_under_water_one_cm":25615,"minecraft:boat_one_cm":224874,"minecraft:jump":5539,"minecraft:interact_with_blast_furnace":24,"minecraft:walk_on_water_one_cm":26982,"minecraft:total_world_time":289103,"minecraft:interact_with_furnace":8,"minecraft:sleep_in_bed":14,"minecraft:time_since_rest":129,"minecraft:damage_taken":6424,"minecraft:damage_dealt":7896,"minecraft:swim_one_cm":95635,"minecraft:fly_one_cm":948415,"minecraft:open_chest":166,"minecraft:crouch_one_cm":12619,"minecraft:use_cauldron":1,"minecraft:fall_one_cm":165743,"minecraft:horse_one_cm":619947},"minecraft:dropped":{"minecraft:bread":1,"minecraft:stone_hoe":1,"minecraft:moss_block":2,"minecraft:wheat_seeds":3,"minecraft:crafting_table":1,"minecraft:dirt":1,"minecraft:torch":1,"minecraft:cornflower":1,"minecraft:dark_oak_planks":4,"minecraft:pink_petals":5,"minecraft:bucket":1,"minecraft:gravel":1,"minecraft:stone_sword":1,"minecraft:cobbled_deepslate":5,"minecraft:wheat":1,"minecraft:stone_shovel":1,"minecraft:rotten_flesh":3,"minecraft:smoker":2,"minecraft:spruce_planks":53,"minecraft:andesite":12,"minecraft:leather_boots":1,"minecraft:oak_boat":1,"minecraft:iron_bars":1,"minecraft:wooden_pickaxe":1},"minecraft:picked_up":{"minecraft:cocoa_beans":1,"minecraft:crafting_table":13,"minecraft:iron_chestplate":2,"minecraft:coarse_dirt":3,"minecraft:wheat":6,"minecraft:chicken":6,"minecraft:flower_pot":3,"minecraft:smithing_table":1,"minecraft:wooden_pickaxe":3,"minecraft:brewing_stand":2,"minecraft:shield":4,"minecraft:string":2,"minecraft:cornflower":2,"minecraft:red_bed":3,"minecraft:moss_carpet":2,"minecraft:iron_leggings":2,"minecraft:cobbled_deepslate":46,"minecraft:bucket":4,"minecraft:spruce_planks":69,"minecraft:beef":2,"minecraft:oak_boat":4,"minecraft:iron_nugget":13,"minecraft:poppy":1,"minecraft:iron_pickaxe":6,"minecraft:lectern":3,"minecraft:melon_slice":8,"minecraft:sugar_cane":38,"minecraft:chest":18,"minecraft:iron_boots":2,"minecraft:furnace":18,"minecraft:egg":7,"minecraft:stick":63,"minecraft:raw_iron":209,"minecraft:torch":169,"minecraft:acacia_log":1,"minecraft:spruce_stairs":16,"minecraft:spruce_fence":1,"minecraft:porkchop":2,"minecraft:cherry_log":22,"minecraft:pointed_dripstone":2,"minecraft:redstone":27,"minecraft:iron_horse_armor":1,"minecraft:orange_bed":4,"minecraft:stone_shovel":3,"minecraft:arrow":21,"minecraft:stone_sword":4,"minecraft:diamond_chestplate":2,"minecraft:rotten_flesh":7,"minecraft:hay_block":156,"minecraft:armadillo_scute":4,"minecraft:saddle":5,"minecraft:black_banner":1,"minecraft:obsidian":12,"minecraft:mutton":10,"minecraft:iron_bars":1,"minecraft:white_wool":3,"minecraft:cobblestone":180,"minecraft:magma_block":10,"minecraft:pink_petals":6,"minecraft:cherry_planks":7,"minecraft:andesite":12,"minecraft:water_bucket":2,"minecraft:birch_slab":1,"minecraft:salmon":2,"minecraft:smoker":6,"minecraft:birch_planks":17,"minecraft:packed_mud":2,"minecraft:tuff":12,"minecraft:oak_log":3,"minecraft:yellow_bed":3,"minecraft:cobblestone_stairs":1,"minecraft:lapis_lazuli":109,"minecraft:dirt":596,"minecraft:bone":6,"minecraft:apple":31,"minecraft:stone_bricks":11,"minecraft:bow":1,"minecraft:wheat_seeds":52,"minecraft:raw_gold":10,"minecraft:iron_ingot":13,"minecraft:stone_pickaxe":6,"minecraft:fletching_table":3,"minecraft:moss_block":2,"minecraft:iron_sword":2,"minecraft:stone_hoe":1,"minecraft:book":84,"minecraft:milk_bucket":9,"minecraft:birch_boat":6,"minecraft:dandelion":5,"minecraft:raw_iron_block":3,"minecraft:gravel":1,"minecraft:lava_bucket":4,"minecraft:birch_stairs":36,"minecraft:blast_furnace":13,"minecraft:white_bed":2,"minecraft:spruce_log":61,"minecraft:spider_eye":1,"minecraft:barrel":5,"minecraft:mossy_cobblestone":12,"minecraft:diamond":2,"minecraft:stone_axe":4,"minecraft:writable_book":3,"minecraft:iron_helmet":2,"minecraft:painting":7,"minecraft:cherry_sapling":2,"minecraft:bone_meal":1,"minecraft:bread":186,"minecraft:terracotta":270,"minecraft:stripped_dark_oak_log":4,"minecraft:coal":157},"minecraft:killed_by":{"minecraft:creeper":1,"minecraft:pillager":4,"minecraft:skeleton":3,"minecraft:zombie":3},"minecraft:killed":{"minecraft:spider":3,"minecraft:skeleton":5,"minecraft:salmon":2,"minecraft:iron_golem":2,"minecraft:sheep":3,"minecraft:zombie":8,"minecraft:villager":9},"minecraft:crafted":{"minecraft:cherry_planks":12,"minecraft:oak_planks":12,"minecraft:stone_shovel":1,"minecraft:birch_boat":1,"minecraft:iron_boots":1,"minecraft:iron_axe":1,"minecraft:stone_pickaxe":2,"minecraft:chest":1,"minecraft:dark_oak_planks":16,"minecraft:stone_hoe":1,"minecraft:raw_iron_block":14,"minecraft:wheat":387,"minecraft:crafting_table":5,"minecraft:spruce_planks":84,"minecraft:wooden_pickaxe":1,"minecraft:iron_helmet":2,"minecraft:iron_sword":1,"minecraft:cooked_salmon":1,"minecraft:hay_block":21,"minecraft:stone_axe":1,"minecraft:bread":66,"minecraft:air":0,"minecraft:cherry_sign":3,"minecraft:shield":3,"minecraft:stick":68,"minecraft:iron_ingot":83,"minecraft:iron_pickaxe":2,"minecraft:stone_sword":1,"minecraft:iron_shovel":3,"minecraft:iron_leggings":2,"minecraft:torch":256}},"DataVersion":3955}