{"stats":{"minecraft:broken":{"minecraft:stone_axe":1,"minecraft:iron_axe":2},"minecraft:killed":{"minecraft:spider":4,"minecraft:skeleton":3,"minecraft:chicken":3,"minecraft:silverfish":7,"minecraft:tropical_fish":2,"minecraft:magma_cube":26,"minecraft:pig":6,"minecraft:iron_golem":1,"minecraft:creeper":1,"minecraft:pillager":4,"minecraft:zombie":9,"minecraft:stray":27,"minecraft:bat":1},"minecraft:killed_by":{"minecraft:ghast":2,"minecraft:drowned":1,"minecraft:zombie":7,"minecraft:stray":13,"minecraft:skeleton":6},"minecraft:dropped":{"minecraft:iron_sword":2,"minecraft:moss_block":1,"minecraft:brown_mushroom":1,"minecraft:diamond":4,"minecraft:rail":10,"minecraft:item_frame":1,"minecraft:cod":5,"minecraft:stripped_dark_oak_wood":1,"minecraft:amethyst_shard":10,"minecraft:iron_pickaxe":1,"minecraft:armor_stand":2,"minecraft:dark_oak_door":3,"minecraft:stone_axe":1,"minecraft:wheat":1,"minecraft:rotten_flesh":24,"minecraft:poppy":1,"minecraft:tipped_arrow":4,"minecraft:charcoal":1,"minecraft:beetroot_seeds":5,"minecraft:acacia_sapling":10,"minecraft:spruce_slab":16,"minecraft:shelter_pottery_sherd":1,"minecraft:wheat_seeds":32,"minecraft:cobblestone":3,"minecraft:spruce_stairs":16,"minecraft:stick":14,"minecraft:armadillo_scute":2,"minecraft:cyan_candle":4,"minecraft:flowering_azalea":3,"minecraft:iron_axe":1,"minecraft:chainmail_leggings":1,"minecraft:spruce_sapling":12,"minecraft:moss_carpet":12,"minecraft:red_banner":1,"minecraft:spruce_boat":1,"minecraft:flower_pot":1,"minecraft:allium":2,"minecraft:spruce_planks":3,"minecraft:diamond_pickaxe":1,"minecraft:oak_sapling":1,"minecraft:barrel":3,"minecraft:bow":1,"minecraft:stone_pickaxe":1,"minecraft:wooden_pickaxe":1,"minecraft:black_wool":6,"minecraft:brick":3},"minecraft:crafted":{"minecraft:oak_planks":220,"minecraft:cooked_chicken":3,"minecraft:stone":1,"minecraft:bookshelf":25,"minecraft:stone_brick_slab":24,"minecraft:iron_boots":2,"minecraft:chest":4,"minecraft:cooked_rabbit":2,"minecraft:emerald":140,"minecraft:cooked_porkchop":12,"minecraft:diamond_axe":1,"minecraft:crafting_table":11,"minecraft:spruce_planks":332,"minecraft:wooden_pickaxe":1,"minecraft:iron_helmet":1,"minecraft:iron_chestplate":1,"minecraft:charcoal":3,"minecraft:diamond_pickaxe":2,"minecraft:shield":4,"minecraft:stick":3569,"minecraft:iron_ingot":48,"minecraft:iron_pickaxe":1,"minecraft:iron_block":3,"minecraft:stone_sword":1,"minecraft:gold_ingot":18,"minecraft:furnace":4,"minecraft:bone_meal":63,"minecraft:flint_and_steel":1,"minecraft:diamond":18,"minecraft:iron_axe":2,"minecraft:stone_pickaxe":1,"minecraft:spruce_boat":1,"minecraft:dark_oak_planks":64,"minecraft:wheat":36,"minecraft:diamond_sword":1,"minecraft:enchanting_table":1,"minecraft:iron_sword":1,"minecraft:cooked_salmon":13,"minecraft:stone_axe":2,"minecraft:enchanted_book":6,"minecraft:bread":1,"minecraft:air":0,"minecraft:jungle_planks":1680,"minecraft:oak_boat":1,"minecraft:golden_apple":2,"minecraft:wooden_axe":1,"minecraft:iron_leggings":2,"minecraft:anvil":1,"minecraft:acacia_planks":84,"minecraft:torch":8,"minecraft:diamond_chestplate":1},"minecraft:used":{"minecraft:beetroot":1,"minecraft:red_sand":4,"minecraft:chest":6,"minecraft:shield":200,"minecraft:iron_sword":49,"minecraft:iron_chestplate":4,"minecraft:obsidian":12,"minecraft:spruce_boat":2,"minecraft:jungle_sapling":26,"minecraft:lava_bucket":3,"minecraft:stripped_dark_oak_wood":3,"minecraft:red_wool":7,"minecraft:iron_helmet":2,"minecraft:bow":10,"minecraft:furnace":5,"minecraft:oak_sapling":5,"minecraft:beetroot_seeds":8,"minecraft:egg":2,"minecraft:lime_glazed_terracotta":7,"minecraft:stone_pickaxe":9,"minecraft:oak_planks":5,"minecraft:wooden_pickaxe":13,"minecraft:sandstone":18,"minecraft:diamond_axe":202,"minecraft:golden_apple":7,"minecraft:glow_berries":3,"minecraft:sand":8,"minecraft:yellow_terracotta":1,"minecraft:light_gray_terracotta":34,"minecraft:bread":26,"minecraft:red_terracotta":2,"minecraft:diamond_sword":205,"minecraft:fire_charge":3,"minecraft:chainmail_boots":2,"minecraft:cooked_rabbit":2,"minecraft:oak_boat":1,"minecraft:bone_meal":50,"minecraft:azalea":1,"minecraft:enchanting_table":1,"minecraft:stone_sword":31,"minecraft:flint_and_steel":3,"minecraft:tropical_fish":2,"minecraft:spruce_planks":325,"minecraft:cooked_salmon":13,"minecraft:cooked_chicken":3,"minecraft:torch":33,"minecraft:anvil":1,"minecraft:spruce_stairs":1,"minecraft:stone_brick_slab":9,"minecraft:wooden_axe":42,"minecraft:dark_oak_planks":46,"minecraft:bookshelf":23,"minecraft:iron_axe":539,"minecraft:smooth_sandstone":2,"minecraft:jungle_log":4,"minecraft:iron_boots":3,"minecraft:barrel":1,"minecraft:diamond_chestplate":2,"minecraft:acacia_planks":1,"minecraft:orange_terracotta":1,"minecraft:iron_leggings":1,"minecraft:water_bucket":22,"minecraft:green_bed":10,"minecraft:salmon":2,"minecraft:terracotta":30,"minecraft:oak_slab":4,"minecraft:crafting_table":16,"minecraft:red_bed":1,"minecraft:cod":2,"minecraft:spruce_log":2,"minecraft:diamond_pickaxe":261,"minecraft:suspicious_stew":4,"minecraft:iron_pickaxe":155,"minecraft:stone_axe":232,"minecraft:cobblestone":16,"minecraft:cooked_porkchop":12,"minecraft:bucket":25,"minecraft:chainmail_leggings":1},"minecraft:mined":{"minecraft:dark_oak_planks":12,"minecraft:spruce_planks":113,"minecraft:obsidian":16,"minecraft:potted_dead_bush":1,"minecraft:acacia_log":22,"minecraft:red_sand":5,"minecraft:grass_block":4,"minecraft:jungle_log":498,"minecraft:spawner":7,"minecraft:dark_oak_trapdoor":3,"minecraft:barrel":2,"minecraft:iron_ore":2,"minecraft:fire":2,"minecraft:moss_carpet":2,"minecraft:stripped_dark_oak_wood":4,"minecraft:dark_oak_stairs":3,"minecraft:azalea":1,"minecraft:iron_block":5,"minecraft:spruce_slab":23,"minecraft:green_bed":10,"minecraft:cut_sandstone":3,"minecraft:red_bed":1,"minecraft:soul_fire":8,"minecraft:orange_terracotta":2,"minecraft:torch":2,"minecraft:light_gray_terracotta":90,"minecraft:dark_oak_wood":7,"minecraft:chest":2,"minecraft:dead_bush":38,"minecraft:cobblestone":15,"minecraft:wall_torch":3,"minecraft:skeleton_skull":1,"minecraft:white_terracotta":61,"minecraft:chain":2,"minecraft:dark_oak_slab":11,"minecraft:wheat":25,"minecraft:tnt":8,"minecraft:stone_brick_stairs":10,"minecraft:oak_log":55,"minecraft:beetroots":8,"minecraft:sand":13,"minecraft:netherrack":3,"minecraft:oak_leaves":40,"minecraft:cyan_candle":1,"minecraft:emerald_block":4,"minecraft:yellow_terracotta":3,"minecraft:diamond_ore":8,"minecraft:dark_oak_fence":1,"minecraft:decorated_pot":1,"minecraft:brick_stairs":1,"minecraft:moss_block":1,"minecraft:sandstone":18,"minecraft:furnace":1,"minecraft:jungle_sapling":1,"minecraft:raw_gold_block":6,"minecraft:chiseled_sandstone":1,"minecraft:diamond_block":2,"minecraft:gold_block":3,"minecraft:mossy_stone_brick_stairs":2,"minecraft:bookshelf":32,"minecraft:vine":19,"minecraft:stone":57,"minecraft:potted_allium":1,"minecraft:light_gray_carpet":1,"minecraft:acacia_leaves":23,"minecraft:red_wool":4,"minecraft:dandelion":1,"minecraft:oak_fence":4,"minecraft:smooth_sandstone":2,"minecraft:crafting_table":5,"minecraft:short_grass":86,"minecraft:emerald_ore":6,"minecraft:tall_grass":69,"minecraft:spruce_stairs":10,"minecraft:red_terracotta":4,"minecraft:stripped_spruce_wood":4,"minecraft:lime_glazed_terracotta":7,"minecraft:spruce_log":85,"minecraft:red_wall_banner":1,"minecraft:gravel":2,"minecraft:cobweb":1,"minecraft:cracked_stone_bricks":4,"minecraft:terracotta":31,"minecraft:stone_bricks":12,"minecraft:mossy_stone_bricks":1,"minecraft:gold_ore":10,"minecraft:fern":12},"minecraft:custom":{"minecraft:animals_bred":2,"minecraft:interact_with_crafting_table":48,"minecraft:open_barrel":10,"minecraft:leave_game":14,"minecraft:time_since_death":1086,"minecraft:sprint_one_cm":426153,"minecraft:damage_blocked_by_shield":4813,"minecraft:drop":88,"minecraft:talked_to_villager":43,"minecraft:play_time":275092,"minecraft:deaths":34,"minecraft:jump":6010,"minecraft:interact_with_brewingstand":1,"minecraft:enchant_item":4,"minecraft:walk_on_water_one_cm":50722,"minecraft:interact_with_furnace":25,"minecraft:traded_with_villager":120,"minecraft:sleep_in_bed":8,"minecraft:damage_dealt":11741,"minecraft:crouch_one_cm":20099,"minecraft:interact_with_smoker":1,"minecraft:inspect_dispenser":6,"minecraft:horse_one_cm":3032,"minecraft:interact_with_anvil":7,"minecraft:mob_kills":97,"minecraft:climb_one_cm":8610,"minecraft:walk_one_cm":601716,"minecraft:sneak_time":8256,"minecraft:walk_under_water_one_cm":19979,"minecraft:boat_one_cm":220672,"minecraft:interact_with_lectern":1,"minecraft:total_world_time":275092,"minecraft:interact_with_grindstone":1,"minecraft:time_since_rest":1112,"minecraft:damage_taken":14563,"minecraft:damage_absorbed":282,"minecraft:swim_one_cm":61267,"minecraft:fly_one_cm":1169555,"minecraft:open_chest":142,"minecraft:fall_one_cm":229995},"minecraft:picked_up":{"minecraft:iron_chestplate":7,"minecraft:wheat":13,"minecraft:chainmail_boots":7,"minecraft:suspicious_stew":7,"minecraft:flower_pot":4,"minecraft:diamond_sword":10,"minecraft:enchanted_book":10,"minecraft:stone_brick_stairs":8,"minecraft:string":2,"minecraft:dark_oak_trapdoor":2,"minecraft:cooked_salmon":88,"minecraft:iron_leggings":5,"minecraft:armor_stand":2,"minecraft:beetroot":1,"minecraft:red_sand":5,"minecraft:spruce_planks":747,"minecraft:azalea":1,"minecraft:iron_pickaxe":18,"minecraft:iron_boots":2,"minecraft:furnace":1,"minecraft:dark_oak_door":5,"minecraft:tipped_arrow":65,"minecraft:stick":126,"minecraft:torch":424,"minecraft:acacia_log":22,"minecraft:green_bed":10,"minecraft:spruce_stairs":21,"minecraft:porkchop":14,"minecraft:stone_sword":5,"minecraft:rotten_flesh":75,"minecraft:tropical_fish":4,"minecraft:armadillo_scute":4,"minecraft:iron_block":5,"minecraft:white_terracotta":62,"minecraft:obsidian":16,"minecraft:cod":25,"minecraft:cobblestone":75,"minecraft:feather":8,"minecraft:andesite":2,"minecraft:water_bucket":4,"minecraft:jungle_log":425,"minecraft:stripped_spruce_wood":6,"minecraft:lapis_lazuli":47,"minecraft:map":1,"minecraft:dirt":23,"minecraft:name_tag":52,"minecraft:bone":344,"minecraft:bow":11,"minecraft:wheat_seeds":189,"minecraft:raw_gold":114,"minecraft:mossy_stone_bricks":1,"minecraft:cyan_candle":4,"minecraft:rabbit":2,"minecraft:moss_block":1,"minecraft:oak_planks":2,"minecraft:mossy_stone_brick_stairs":1,"minecraft:lime_glazed_terracotta":7,"minecraft:sand":13,"minecraft:dead_bush":4,"minecraft:diamond_block":2,"minecraft:chiseled_sandstone":1,"minecraft:dark_oak_log":4,"minecraft:red_terracotta":4,"minecraft:barrel":4,"minecraft:light_gray_terracotta":90,"minecraft:diamond":12,"minecraft:spruce_boat":2,"minecraft:golden_apple":8,"minecraft:bread":89,"minecraft:emerald":37,"minecraft:oak_sapling":28,"minecraft:diamond_pickaxe":3,"minecraft:charcoal":3,"minecraft:shelter_pottery_sherd":4,"minecraft:crafting_table":7,"minecraft:allium":2,"minecraft:chicken":3,"minecraft:brown_mushroom":3,"minecraft:wooden_pickaxe":4,"minecraft:gold_block":12,"minecraft:shield":6,"minecraft:brick":12,"minecraft:red_bed":1,"minecraft:moss_carpet":16,"minecraft:iron_axe":1,"minecraft:item_frame":1,"minecraft:cracked_stone_bricks":3,"minecraft:jungle_sapling":29,"minecraft:iron_nugget":67,"minecraft:poppy":3,"minecraft:spruce_slab":46,"minecraft:chest":2,"minecraft:egg":2,"minecraft:sandstone":18,"minecraft:raw_iron":6,"minecraft:raw_gold_block":6,"minecraft:fire_charge":2,"minecraft:cookie":144,"minecraft:trident":1,"minecraft:dark_oak_planks":74,"minecraft:tnt":8,"minecraft:arrow":164,"minecraft:diamond_chestplate":8,"minecraft:beetroot_seeds":13,"minecraft:stripped_dark_oak_wood":21,"minecraft:yellow_terracotta":3,"minecraft:black_banner":4,"minecraft:brick_stairs":1,"minecraft:glow_berries":18,"minecraft:skeleton_skull":7,"minecraft:rail":10,"minecraft:salmon":8,"minecraft:cut_sandstone":7,"minecraft:oak_log":56,"minecraft:orange_terracotta":2,"minecraft:smooth_sandstone":6,"minecraft:apple":3,"minecraft:stone_bricks":12,"minecraft:rabbit_hide":1,"minecraft:iron_ingot":92,"minecraft:stone_pickaxe":5,"minecraft:acacia_sapling":18,"minecraft:iron_sword":12,"minecraft:flowering_azalea":3,"minecraft:dark_oak_stairs":4,"minecraft:book":101,"minecraft:oak_slab":4,"minecraft:dark_oak_slab":12,"minecraft:emerald_block":4,"minecraft:red_wool":38,"minecraft:gravel":2,"minecraft:amethyst_shard":52,"minecraft:red_banner":6,"minecraft:spruce_sapling":72,"minecraft:spruce_log":85,"minecraft:spider_eye":2,"minecraft:stone_axe":4,"minecraft:chainmail_leggings":2,"minecraft:iron_helmet":2,"minecraft:terracotta":31,"minecraft:melon_seeds":1,"minecraft:black_wool":7,"minecraft:dark_oak_wood":20,"minecraft:coal":16}},"DataVersion":3955}