{"stats":{"minecraft:broken":{"minecraft:stone_axe":1},"minecraft:killed":{"minecraft:spider":4,"minecraft:skeleton":3,"minecraft:chicken":3,"minecraft:silverfish":7,"minecraft:tropical_fish":2,"minecraft:magma_cube":26,"minecraft:pig":4,"minecraft:iron_golem":1,"minecraft:creeper":1,"minecraft:pillager":4,"minecraft:zombie":9,"minecraft:stray":27,"minecraft:bat":1},"minecraft:killed_by":{"minecraft:zombie":7,"minecraft:stray":13,"minecraft:skeleton":5},"minecraft:dropped":{"minecraft:iron_sword":2,"minecraft:moss_block":1,"minecraft:brown_mushroom":1,"minecraft:diamond":4,"minecraft:rail":10,"minecraft:item_frame":1,"minecraft:cod":5,"minecraft:stripped_dark_oak_wood":1,"minecraft:amethyst_shard":10,"minecraft:iron_pickaxe":1,"minecraft:armor_stand":2,"minecraft:dark_oak_door":3,"minecraft:stone_axe":1,"minecraft:wheat":1,"minecraft:rotten_flesh":24,"minecraft:poppy":1,"minecraft:tipped_arrow":4,"minecraft:charcoal":1,"minecraft:beetroot_seeds":5,"minecraft:acacia_sapling":10,"minecraft:spruce_slab":16,"minecraft:shelter_pottery_sherd":1,"minecraft:wheat_seeds":30,"minecraft:cobblestone":3,"minecraft:spruce_stairs":16,"minecraft:stick":10,"minecraft:cyan_candle":4,"minecraft:flowering_azalea":3,"minecraft:iron_axe":1,"minecraft:chainmail_leggings":1,"minecraft:spruce_sapling":12,"minecraft:moss_carpet":12,"minecraft:red_banner":1,"minecraft:spruce_boat":1,"minecraft:flower_pot":1,"minecraft:spruce_planks":3,"minecraft:diamond_pickaxe":1,"minecraft:oak_sapling":1,"minecraft:barrel":3,"minecraft:bow":1,"minecraft:stone_pickaxe":1,"minecraft:wooden_pickaxe":1,"minecraft:black_wool":6,"minecraft:brick":3},"minecraft:crafted":{"minecraft:oak_planks":124,"minecraft:cooked_chicken":3,"minecraft:bookshelf":24,"minecraft:iron_boots":2,"minecraft:chest":4,"minecraft:cooked_rabbit":2,"minecraft:emerald":27,"minecraft:cooked_porkchop":10,"minecraft:crafting_table":11,"minecraft:spruce_planks":332,"minecraft:wooden_pickaxe":1,"minecraft:iron_helmet":1,"minecraft:iron_chestplate":1,"minecraft:diamond_pickaxe":2,"minecraft:charcoal":3,"minecraft:shield":4,"minecraft:stick":20,"minecraft:iron_ingot":48,"minecraft:iron_pickaxe":1,"minecraft:iron_block":3,"minecraft:stone_sword":1,"minecraft:gold_ingot":18,"minecraft:furnace":4,"minecraft:diamond":18,"minecraft:iron_axe":1,"minecraft:stone_pickaxe":1,"minecraft:spruce_boat":1,"minecraft:dark_oak_planks":64,"minecraft:diamond_sword":1,"minecraft:enchanting_table":1,"minecraft:iron_sword":1,"minecraft:cooked_salmon":13,"minecraft:stone_axe":2,"minecraft:bread":1,"minecraft:air":0,"minecraft:oak_boat":1,"minecraft:golden_apple":2,"minecraft:wooden_axe":1,"minecraft:iron_leggings":2,"minecraft:anvil":1,"minecraft:acacia_planks":84,"minecraft:torch":8,"minecraft:diamond_chestplate":1},"minecraft:used":{"minecraft:beetroot":1,"minecraft:red_sand":3,"minecraft:chest":6,"minecraft:shield":198,"minecraft:iron_sword":49,"minecraft:iron_chestplate":4,"minecraft:obsidian":12,"minecraft:spruce_boat":2,"minecraft:lava_bucket":3,"minecraft:stripped_dark_oak_wood":3,"minecraft:red_wool":7,"minecraft:iron_helmet":2,"minecraft:bow":10,"minecraft:furnace":5,"minecraft:beetroot_seeds":8,"minecraft:egg":2,"minecraft:lime_glazed_terracotta":7,"minecraft:stone_pickaxe":9,"minecraft:oak_planks":5,"minecraft:wooden_pickaxe":13,"minecraft:sandstone":18,"minecraft:golden_apple":7,"minecraft:glow_berries":3,"minecraft:sand":7,"minecraft:light_gray_terracotta":34,"minecraft:bread":26,"minecraft:red_terracotta":1,"minecraft:diamond_sword":201,"minecraft:fire_charge":3,"minecraft:chainmail_boots":2,"minecraft:oak_boat":1,"minecraft:enchanting_table":1,"minecraft:stone_sword":31,"minecraft:tropical_fish":2,"minecraft:spruce_planks":325,"minecraft:cooked_salmon":13,"minecraft:cooked_chicken":3,"minecraft:torch":32,"minecraft:anvil":1,"minecraft:spruce_stairs":1,"minecraft:dark_oak_planks":46,"minecraft:wooden_axe":42,"minecraft:bookshelf":22,"minecraft:iron_axe":197,"minecraft:smooth_sandstone":2,"minecraft:iron_boots":3,"minecraft:barrel":1,"minecraft:diamond_chestplate":2,"minecraft:acacia_planks":1,"minecraft:orange_terracotta":1,"minecraft:iron_leggings":1,"minecraft:water_bucket":20,"minecraft:green_bed":10,"minecraft:salmon":2,"minecraft:terracotta":21,"minecraft:crafting_table":16,"minecraft:cod":2,"minecraft:spruce_log":2,"minecraft:diamond_pickaxe":216,"minecraft:iron_pickaxe":155,"minecraft:stone_axe":232,"minecraft:cobblestone":16,"minecraft:cooked_porkchop":9,"minecraft:bucket":23,"minecraft:chainmail_leggings":1},"minecraft:mined":{"minecraft:dark_oak_planks":12,"minecraft:spruce_planks":113,"minecraft:obsidian":16,"minecraft:potted_dead_bush":1,"minecraft:acacia_log":22,"minecraft:red_sand":4,"minecraft:grass_block":4,"minecraft:jungle_log":1,"minecraft:spawner":7,"minecraft:dark_oak_trapdoor":3,"minecraft:barrel":2,"minecraft:iron_ore":2,"minecraft:fire":1,"minecraft:moss_carpet":2,"minecraft:stripped_dark_oak_wood":4,"minecraft:dark_oak_stairs":3,"minecraft:iron_block":5,"minecraft:spruce_slab":23,"minecraft:green_bed":10,"minecraft:cut_sandstone":3,"minecraft:orange_terracotta":2,"minecraft:torch":2,"minecraft:light_gray_terracotta":90,"minecraft:dark_oak_wood":7,"minecraft:chest":2,"minecraft:dead_bush":35,"minecraft:cobblestone":15,"minecraft:wall_torch":2,"minecraft:skeleton_skull":1,"minecraft:white_terracotta":61,"minecraft:chain":2,"minecraft:dark_oak_slab":11,"minecraft:wheat":25,"minecraft:tnt":8,"minecraft:oak_log":31,"minecraft:beetroots":8,"minecraft:sand":12,"minecraft:netherrack":3,"minecraft:oak_leaves":35,"minecraft:cyan_candle":1,"minecraft:emerald_block":4,"minecraft:yellow_terracotta":1,"minecraft:diamond_ore":8,"minecraft:dark_oak_fence":1,"minecraft:decorated_pot":1,"minecraft:moss_block":1,"minecraft:sandstone":18,"minecraft:furnace":1,"minecraft:raw_gold_block":6,"minecraft:chiseled_sandstone":1,"minecraft:diamond_block":2,"minecraft:gold_block":3,"minecraft:bookshelf":31,"minecraft:stone":57,"minecraft:light_gray_carpet":1,"minecraft:acacia_leaves":23,"minecraft:red_wool":4,"minecraft:dandelion":1,"minecraft:oak_fence":4,"minecraft:smooth_sandstone":2,"minecraft:crafting_table":5,"minecraft:short_grass":45,"minecraft:emerald_ore":6,"minecraft:tall_grass":50,"minecraft:spruce_stairs":10,"minecraft:red_terracotta":3,"minecraft:stripped_spruce_wood":4,"minecraft:lime_glazed_terracotta":7,"minecraft:spruce_log":85,"minecraft:red_wall_banner":1,"minecraft:cobweb":1,"minecraft:terracotta":22,"minecraft:gold_ore":10,"minecraft:fern":5},"minecraft:custom":{"minecraft:interact_with_crafting_table":43,"minecraft:open_barrel":10,"minecraft:leave_game":9,"minecraft:time_since_death":20098,"minecraft:sprint_one_cm":347043,"minecraft:damage_blocked_by_shield":4723,"minecraft:drop":80,"minecraft:talked_to_villager":19,"minecraft:play_time":230629,"minecraft:deaths":27,"minecraft:jump":4979,"minecraft:interact_with_brewingstand":1,"minecraft:enchant_item":4,"minecraft:walk_on_water_one_cm":39713,"minecraft:interact_with_furnace":21,"minecraft:sleep_in_bed":8,"minecraft:damage_dealt":11446,"minecraft:crouch_one_cm":20085,"minecraft:interact_with_smoker":1,"minecraft:inspect_dispenser":6,"minecraft:horse_one_cm":3032,"minecraft:interact_with_anvil":6,"minecraft:mob_kills":95,"minecraft:climb_one_cm":6674,"minecraft:walk_one_cm":503876,"minecraft:sneak_time":8203,"minecraft:walk_under_water_one_cm":16256,"minecraft:boat_one_cm":220672,"minecraft:interact_with_lectern":1,"minecraft:total_world_time":230629,"minecraft:time_since_rest":20132,"minecraft:damage_taken":11027,"minecraft:damage_absorbed":282,"minecraft:swim_one_cm":56621,"minecraft:fly_one_cm":956640,"minecraft:open_chest":118,"minecraft:fall_one_cm":178467},"minecraft:picked_up":{"minecraft:iron_chestplate":7,"minecraft:wheat":13,"minecraft:chainmail_boots":7,"minecraft:flower_pot":3,"minecraft:diamond_sword":10,"minecraft:enchanted_book":10,"minecraft:string":2,"minecraft:dark_oak_trapdoor":2,"minecraft:cooked_salmon":88,"minecraft:iron_leggings":5,"minecraft:armor_stand":2,"minecraft:beetroot":1,"minecraft:red_sand":4,"minecraft:spruce_planks":747,"minecraft:iron_pickaxe":18,"minecraft:iron_boots":2,"minecraft:furnace":1,"minecraft:dark_oak_door":5,"minecraft:tipped_arrow":65,"minecraft:stick":70,"minecraft:torch":423,"minecraft:acacia_log":22,"minecraft:green_bed":10,"minecraft:spruce_stairs":21,"minecraft:porkchop":10,"minecraft:stone_sword":5,"minecraft:rotten_flesh":75,"minecraft:tropical_fish":4,"minecraft:armadillo_scute":2,"minecraft:iron_block":5,"minecraft:white_terracotta":62,"minecraft:obsidian":16,"minecraft:cod":25,"minecraft:cobblestone":75,"minecraft:feather":8,"minecraft:water_bucket":4,"minecraft:jungle_log":1,"minecraft:stripped_spruce_wood":6,"minecraft:map":1,"minecraft:lapis_lazuli":47,"minecraft:dirt":23,"minecraft:name_tag":52,"minecraft:bone":344,"minecraft:bow":11,"minecraft:wheat_seeds":183,"minecraft:raw_gold":114,"minecraft:cyan_candle":4,"minecraft:rabbit":2,"minecraft:moss_block":1,"minecraft:oak_planks":2,"minecraft:lime_glazed_terracotta":7,"minecraft:sand":12,"minecraft:dead_bush":4,"minecraft:diamond_block":2,"minecraft:chiseled_sandstone":1,"minecraft:red_terracotta":3,"minecraft:dark_oak_log":4,"minecraft:barrel":4,"minecraft:light_gray_terracotta":90,"minecraft:diamond":12,"minecraft:spruce_boat":2,"minecraft:golden_apple":8,"minecraft:bread":89,"minecraft:emerald":37,"minecraft:oak_sapling":11,"minecraft:diamond_pickaxe":3,"minecraft:charcoal":3,"minecraft:shelter_pottery_sherd":4,"minecraft:crafting_table":7,"minecraft:chicken":3,"minecraft:brown_mushroom":3,"minecraft:wooden_pickaxe":4,"minecraft:gold_block":12,"minecraft:brick":12,"minecraft:shield":6,"minecraft:moss_carpet":16,"minecraft:iron_axe":1,"minecraft:item_frame":1,"minecraft:iron_nugget":67,"minecraft:poppy":3,"minecraft:spruce_slab":46,"minecraft:chest":2,"minecraft:egg":2,"minecraft:raw_iron":6,"minecraft:sandstone":18,"minecraft:raw_gold_block":6,"minecraft:fire_charge":2,"minecraft:trident":1,"minecraft:dark_oak_planks":74,"minecraft:tnt":8,"minecraft:arrow":164,"minecraft:diamond_chestplate":8,"minecraft:beetroot_seeds":13,"minecraft:stripped_dark_oak_wood":21,"minecraft:yellow_terracotta":1,"minecraft:black_banner":4,"minecraft:glow_berries":18,"minecraft:skeleton_skull":7,"minecraft:rail":10,"minecraft:salmon":8,"minecraft:cut_sandstone":7,"minecraft:oak_log":32,"minecraft:orange_terracotta":2,"minecraft:smooth_sandstone":6,"minecraft:apple":2,"minecraft:rabbit_hide":1,"minecraft:iron_ingot":92,"minecraft:stone_pickaxe":5,"minecraft:acacia_sapling":18,"minecraft:iron_sword":12,"minecraft:flowering_azalea":3,"minecraft:dark_oak_stairs":4,"minecraft:book":98,"minecraft:dark_oak_slab":12,"minecraft:emerald_block":4,"minecraft:red_wool":38,"minecraft:amethyst_shard":52,"minecraft:red_banner":6,"minecraft:spruce_sapling":72,"minecraft:spruce_log":85,"minecraft:spider_eye":2,"minecraft:stone_axe":4,"minecraft:iron_helmet":2,"minecraft:chainmail_leggings":2,"minecraft:terracotta":22,"minecraft:melon_seeds":1,"minecraft:black_wool":7,"minecraft:dark_oak_wood":20,"minecraft:coal":16}},"DataVersion":3955}