{"stats":{"minecraft:broken":{"minecraft:stone_pickaxe":1,"minecraft:stone_axe":1,"minecraft:iron_axe":5,"minecraft:iron_pickaxe":2,"minecraft:iron_helmet":1},"minecraft:killed":{"minecraft:cave_spider":3,"minecraft:spider":4,"minecraft:skeleton":9,"minecraft:chicken":7,"minecraft:pig":1,"minecraft:zombie_villager":6,"minecraft:creeper":2,"minecraft:sheep":4,"minecraft:trader_llama":4,"minecraft:zombie":35,"minecraft:stray":1,"minecraft:cow":6,"minecraft:drowned":1,"minecraft:wandering_trader":2},"minecraft:killed_by":{"minecraft:zombie_villager":3,"minecraft:drowned":4,"minecraft:skeleton":2},"minecraft:dropped":{"minecraft:moss_block":2,"minecraft:mossy_stone_brick_stairs":2,"minecraft:fletching_table":1,"minecraft:cracked_stone_bricks":7,"minecraft:dispenser":1,"minecraft:jungle_sapling":1,"minecraft:writable_book":1,"minecraft:oak_door":1,"minecraft:gravel":75,"minecraft:cobbled_deepslate":4,"minecraft:rotten_flesh":21,"minecraft:oak_planks":8,"minecraft:poppy":1,"minecraft:tipped_arrow":1,"minecraft:red_candle":3,"minecraft:stone_brick_wall":2,"minecraft:azalea":3,"minecraft:spruce_slab":1,"minecraft:arrow":2,"minecraft:stone_brick_stairs":4,"minecraft:lectern":1,"minecraft:wheat_seeds":8,"minecraft:mossy_cobblestone":2,"minecraft:cobblestone":7,"minecraft:andesite_wall":1,"minecraft:apple":1,"minecraft:brewing_stand":1,"minecraft:rose_bush":1,"minecraft:iron_leggings":1,"minecraft:oak_stairs":3,"minecraft:flowering_azalea":2,"minecraft:iron_axe":1,"minecraft:string":7,"minecraft:tripwire_hook":3,"minecraft:dandelion":1,"minecraft:oak_trapdoor":2,"minecraft:coarse_dirt":3,"minecraft:tuff":1,"minecraft:composter":1,"minecraft:iron_boots":1,"minecraft:orange_wool":1,"minecraft:target":3,"minecraft:flower_pot":4,"minecraft:oak_button":1,"minecraft:spruce_trapdoor":1,"minecraft:andesite_stairs":2,"minecraft:oak_sapling":2,"minecraft:stone_bricks":14,"minecraft:barrel":1,"minecraft:wooden_pickaxe":1},"minecraft:crafted":{"minecraft:oak_planks":696,"minecraft:cooked_chicken":4,"minecraft:cooked_mutton":11,"minecraft:iron_boots":1,"minecraft:chest":3,"minecraft:oak_button":1,"minecraft:stone_hoe":1,"minecraft:emerald":83,"minecraft:crafting_table":6,"minecraft:spruce_planks":12,"minecraft:iron_helmet":1,"minecraft:baked_potato":26,"minecraft:wooden_pickaxe":1,"minecraft:fletching_table":2,"minecraft:birch_planks":16,"minecraft:iron_chestplate":1,"minecraft:charcoal":2,"minecraft:shield":1,"minecraft:stick":2636,"minecraft:iron_ingot":65,"minecraft:iron_pickaxe":3,"minecraft:furnace":3,"minecraft:iron_axe":6,"minecraft:stone_pickaxe":2,"minecraft:spruce_boat":1,"minecraft:wheat":18,"minecraft:cooked_beef":4,"minecraft:cooked_cod":3,"minecraft:stone_axe":1,"minecraft:enchanted_book":4,"minecraft:bread":6,"minecraft:air":0,"minecraft:jungle_planks":744,"minecraft:iron_shovel":2,"minecraft:iron_leggings":1,"minecraft:white_bed":1,"minecraft:acacia_planks":96,"minecraft:torch":64},"minecraft:used":{"minecraft:moss_block":1,"minecraft:writable_book":1,"minecraft:iron_shovel":279,"minecraft:chest":6,"minecraft:shield":15,"minecraft:iron_sword":28,"minecraft:bell":1,"minecraft:rotten_flesh":18,"minecraft:iron_chestplate":1,"minecraft:orange_wool":5,"minecraft:spruce_boat":1,"minecraft:jungle_sapling":1,"minecraft:iron_helmet":1,"minecraft:stone_bricks":3,"minecraft:bow":36,"minecraft:furnace":10,"minecraft:cooked_cod":3,"minecraft:egg":1,"minecraft:potato":67,"minecraft:stone_pickaxe":170,"minecraft:oak_planks":176,"minecraft:blackstone":52,"minecraft:wooden_pickaxe":21,"minecraft:sugar_cane":6,"minecraft:cookie":4,"minecraft:bread":93,"minecraft:lectern":31,"minecraft:gravel":20,"minecraft:azalea":1,"minecraft:acacia_log":1,"minecraft:stone_hoe":43,"minecraft:cooked_chicken":5,"minecraft:torch":90,"minecraft:dirt":169,"minecraft:iron_axe":1336,"minecraft:oak_stairs":19,"minecraft:iron_boots":3,"minecraft:cooked_beef":11,"minecraft:acacia_planks":114,"minecraft:cobbled_deepslate":22,"minecraft:iron_leggings":2,"minecraft:cooked_mutton":10,"minecraft:water_bucket":13,"minecraft:baked_potato":7,"minecraft:fletching_table":14,"minecraft:mossy_cobblestone":4,"minecraft:stripped_dark_oak_log":1,"minecraft:crafting_table":12,"minecraft:red_bed":11,"minecraft:white_bed":3,"minecraft:oak_log":4,"minecraft:apple":21,"minecraft:oak_button":1,"minecraft:iron_pickaxe":504,"minecraft:spruce_trapdoor":3,"minecraft:yellow_wool":4,"minecraft:stone_axe":110,"minecraft:cobblestone":81,"minecraft:purple_bed":1,"minecraft:cooked_porkchop":1,"minecraft:bucket":13,"minecraft:yellow_bed":1},"minecraft:mined":{"minecraft:spruce_planks":8,"minecraft:white_bed":2,"minecraft:andesite_stairs":30,"minecraft:cobblestone_stairs":6,"minecraft:orange_wool":6,"minecraft:brewing_stand":1,"minecraft:spruce_trapdoor":18,"minecraft:granite":2,"minecraft:deepslate_tile_wall":3,"minecraft:acacia_log":47,"minecraft:stone_brick_wall":2,"minecraft:grass_block":96,"minecraft:jungle_log":208,"minecraft:deepslate_tile_stairs":31,"minecraft:composter":2,"minecraft:spawner":1,"minecraft:tall_seagrass":1,"minecraft:cobbled_deepslate":15,"minecraft:barrel":5,"minecraft:iron_ore":22,"minecraft:fire":1,"minecraft:target":4,"minecraft:moss_carpet":1,"minecraft:deepslate_lapis_ore":6,"minecraft:fletching_table":12,"minecraft:flowering_azalea_leaves":17,"minecraft:oak_stairs":32,"minecraft:azalea":2,"minecraft:spruce_slab":37,"minecraft:deepslate_redstone_ore":2,"minecraft:red_bed":12,"minecraft:blackstone":71,"minecraft:smoker":6,"minecraft:torch":32,"minecraft:melon":1,"minecraft:chest":4,"minecraft:white_stained_glass_pane":6,"minecraft:dead_bush":2,"minecraft:cobblestone":75,"minecraft:oak_planks":126,"minecraft:potted_oak_sapling":1,"minecraft:grindstone":1,"minecraft:sugar_cane":3,"minecraft:damaged_anvil":1,"minecraft:wall_torch":25,"minecraft:seagrass":1,"minecraft:chain":1,"minecraft:red_candle":1,"minecraft:yellow_wool":4,"minecraft:stone_brick_stairs":8,"minecraft:oak_log":182,"minecraft:dirt":116,"minecraft:stripped_birch_wood":4,"minecraft:smooth_basalt":1,"minecraft:dispenser":1,"minecraft:yellow_stained_glass":3,"minecraft:piston":2,"minecraft:oak_leaves":28,"minecraft:deepslate":26,"minecraft:deepslate_tiles":2,"minecraft:tuff":21,"minecraft:mossy_cobblestone":14,"minecraft:potted_wither_rose":1,"minecraft:deepslate_diamond_ore":15,"minecraft:oak_door":1,"minecraft:dark_oak_log":2,"minecraft:potted_flowering_azalea_bush":2,"minecraft:gray_stained_glass_pane":10,"minecraft:spruce_fence":2,"minecraft:moss_block":4,"minecraft:hay_block":35,"minecraft:oak_trapdoor":1,"minecraft:furnace":8,"minecraft:stripped_spruce_log":38,"minecraft:bell":1,"minecraft:mossy_stone_brick_stairs":3,"minecraft:bookshelf":8,"minecraft:potatoes":27,"minecraft:deepslate_iron_ore":45,"minecraft:vine":25,"minecraft:stripped_oak_log":59,"minecraft:stone":126,"minecraft:acacia_leaves":16,"minecraft:brown_stained_glass_pane":2,"minecraft:stripped_dark_oak_log":1,"minecraft:basalt":1,"minecraft:crafting_table":7,"minecraft:short_grass":44,"minecraft:oak_wood":16,"minecraft:rose_bush":2,"minecraft:andesite_slab":6,"minecraft:lectern":31,"minecraft:campfire":1,"minecraft:andesite_wall":1,"minecraft:tall_grass":21,"minecraft:deepslate_coal_ore":4,"minecraft:deepslate_gold_ore":3,"minecraft:green_stained_glass_pane":4,"minecraft:spruce_stairs":64,"minecraft:purple_bed":1,"minecraft:coarse_dirt":2,"minecraft:cobblestone_wall":2,"minecraft:yellow_bed":1,"minecraft:coal_ore":79,"minecraft:gravel":82,"minecraft:cobweb":7,"minecraft:cracked_stone_bricks":8,"minecraft:acacia_planks":75,"minecraft:stone_bricks":23,"minecraft:fern":6},"minecraft:custom":{"minecraft:interact_with_crafting_table":38,"minecraft:open_barrel":19,"minecraft:bell_ring":81,"minecraft:eat_cake_slice":6,"minecraft:leave_game":30,"minecraft:time_since_death":58503,"minecraft:sprint_one_cm":937987,"minecraft:damage_blocked_by_shield":1248,"minecraft:drop":101,"minecraft:talked_to_villager":93,"minecraft:play_time":403978,"minecraft:deaths":9,"minecraft:jump":7825,"minecraft:walk_on_water_one_cm":66510,"minecraft:interact_with_furnace":92,"minecraft:traded_with_villager":87,"minecraft:sleep_in_bed":19,"minecraft:damage_dealt":12963,"minecraft:crouch_one_cm":54109,"minecraft:mob_kills":88,"minecraft:climb_one_cm":16641,"minecraft:walk_one_cm":718408,"minecraft:sneak_time":19684,"minecraft:walk_under_water_one_cm":45065,"minecraft:boat_one_cm":3830,"minecraft:total_world_time":403978,"minecraft:time_since_rest":33118,"minecraft:damage_taken":9421,"minecraft:swim_one_cm":330358,"minecraft:fly_one_cm":1464675,"minecraft:open_chest":185,"minecraft:fall_one_cm":203238},"minecraft:picked_up":{"minecraft:iron_chestplate":8,"minecraft:flower_pot":5,"minecraft:yellow_wool":4,"minecraft:lead":6,"minecraft:oak_stairs":40,"minecraft:wither_rose":2,"minecraft:stone_brick_stairs":13,"minecraft:brewing_stand":3,"minecraft:string":7,"minecraft:iron_leggings":8,"minecraft:red_candle":3,"minecraft:deepslate_tiles":2,"minecraft:cobbled_deepslate":66,"minecraft:spruce_planks":29,"minecraft:rose_bush":2,"minecraft:azalea":4,"minecraft:iron_pickaxe":12,"minecraft:deepslate_tile_wall":3,"minecraft:melon_slice":18,"minecraft:iron_boots":10,"minecraft:furnace":9,"minecraft:golden_helmet":1,"minecraft:tipped_arrow":2,"minecraft:stick":146,"minecraft:composter":2,"minecraft:torch":150,"minecraft:acacia_log":108,"minecraft:spruce_stairs":64,"minecraft:porkchop":1,"minecraft:target":3,"minecraft:deepslate_tile_stairs":31,"minecraft:andesite_wall":1,"minecraft:rotten_flesh":64,"minecraft:stripped_birch_wood":4,"minecraft:obsidian":17,"minecraft:cobblestone":200,"minecraft:feather":7,"minecraft:cooked_beef":5,"minecraft:water_bucket":9,"minecraft:jungle_log":378,"minecraft:smoker":6,"minecraft:potato":87,"minecraft:flint":6,"minecraft:tuff":28,"minecraft:lapis_lazuli":68,"minecraft:dirt":212,"minecraft:bone":82,"minecraft:acacia_planks":503,"minecraft:bow":8,"minecraft:wheat_seeds":14,"minecraft:raw_gold":6,"minecraft:bell":1,"minecraft:fletching_table":13,"minecraft:moss_block":6,"minecraft:stone_hoe":2,"minecraft:oak_planks":574,"minecraft:mossy_stone_brick_stairs":3,"minecraft:cooked_porkchop":1,"minecraft:stripped_spruce_log":38,"minecraft:mossy_cobblestone":13,"minecraft:barrel":1,"minecraft:orange_wool":6,"minecraft:dispenser":1,"minecraft:diamond":37,"minecraft:spruce_boat":2,"minecraft:writable_book":1,"minecraft:granite":2,"minecraft:bread":108,"minecraft:emerald":43,"minecraft:oak_sapling":113,"minecraft:cocoa_beans":24,"minecraft:coarse_dirt":3,"minecraft:crafting_table":7,"minecraft:chicken":4,"minecraft:stone_brick_wall":2,"minecraft:diamond_horse_armor":1,"minecraft:chain":1,"minecraft:shield":8,"minecraft:oak_trapdoor":3,"minecraft:red_bed":12,"minecraft:iron_axe":11,"minecraft:iron_shovel":4,"minecraft:blackstone":97,"minecraft:cracked_stone_bricks":22,"minecraft:beef":12,"minecraft:andesite_stairs":2,"minecraft:jungle_sapling":15,"minecraft:iron_nugget":2,"minecraft:poppy":2,"minecraft:spruce_slab":45,"minecraft:lectern":33,"minecraft:sugar_cane":8,"minecraft:chest":3,"minecraft:piston":2,"minecraft:spruce_trapdoor":15,"minecraft:egg":1,"minecraft:raw_iron":80,"minecraft:oak_door":1,"minecraft:cookie":10,"minecraft:carrot":2,"minecraft:arrow":274,"minecraft:hay_block":98,"minecraft:saddle":1,"minecraft:gold_ingot":31,"minecraft:mutton":13,"minecraft:white_wool":3,"minecraft:stripped_oak_log":56,"minecraft:tripwire_hook":3,"minecraft:leather":24,"minecraft:oak_log":238,"minecraft:yellow_bed":1,"minecraft:gunpowder":2,"minecraft:cobblestone_wall":6,"minecraft:cobblestone_stairs":6,"minecraft:cooked_mutton":30,"minecraft:apple":34,"minecraft:stone_bricks":43,"minecraft:iron_ingot":75,"minecraft:stone_pickaxe":1,"minecraft:cooked_chicken":6,"minecraft:acacia_sapling":29,"minecraft:flowering_azalea":3,"minecraft:book":48,"minecraft:smooth_basalt":1,"minecraft:dandelion":2,"minecraft:gravel":104,"minecraft:white_bed":2,"minecraft:spider_eye":2,"minecraft:oak_wood":24,"minecraft:purple_bed":1,"minecraft:iron_helmet":4,"minecraft:oak_button":1,"minecraft:baked_potato":42,"minecraft:damaged_anvil":1,"minecraft:stripped_dark_oak_log":1,"minecraft:coal":234}},"DataVersion":3955}