{"stats":{"minecraft:broken":{"minecraft:iron_shovel":1,"minecraft:iron_chestplate":1,"minecraft:stone_pickaxe":1,"minecraft:stone_axe":1,"minecraft:iron_axe":7,"minecraft:iron_pickaxe":2,"minecraft:iron_helmet":1},"minecraft:killed":{"minecraft:cave_spider":3,"minecraft:witch":1,"minecraft:spider":4,"minecraft:skeleton":16,"minecraft:chicken":7,"minecraft:pig":1,"minecraft:zombie_villager":6,"minecraft:creeper":2,"minecraft:sheep":4,"minecraft:trader_llama":6,"minecraft:zombie":87,"minecraft:stray":1,"minecraft:cow":6,"minecraft:drowned":2,"minecraft:wandering_trader":2},"minecraft:killed_by":{"minecraft:zombie_villager":3,"minecraft:drowned":4,"minecraft:zombie":1,"minecraft:skeleton":2},"minecraft:dropped":{"minecraft:moss_block":12,"minecraft:deepslate_tile_wall":3,"minecraft:rooted_dirt":3,"minecraft:mossy_stone_brick_stairs":2,"minecraft:fletching_table":1,"minecraft:cracked_stone_bricks":7,"minecraft:dirt":11,"minecraft:dispenser":1,"minecraft:jungle_sapling":3,"minecraft:writable_book":1,"minecraft:oak_door":2,"minecraft:gravel":75,"minecraft:cobbled_deepslate":4,"minecraft:rotten_flesh":33,"minecraft:oak_planks":8,"minecraft:poppy":1,"minecraft:tipped_arrow":1,"minecraft:red_candle":3,"minecraft:azalea":3,"minecraft:stone_brick_wall":2,"minecraft:spruce_slab":2,"minecraft:arrow":2,"minecraft:stone_brick_stairs":4,"minecraft:lectern":1,"minecraft:wheat_seeds":12,"minecraft:mossy_cobblestone":3,"minecraft:poisonous_potato":2,"minecraft:iron_helmet":1,"minecraft:cobblestone":7,"minecraft:andesite_wall":1,"minecraft:apple":1,"minecraft:brewing_stand":1,"minecraft:rose_bush":1,"minecraft:melon_slice":1,"minecraft:polished_andesite_stairs":1,"minecraft:iron_leggings":1,"minecraft:oak_stairs":3,"minecraft:flowering_azalea":2,"minecraft:iron_axe":1,"minecraft:mossy_cobblestone_stairs":7,"minecraft:string":7,"minecraft:tripwire_hook":3,"minecraft:dandelion":1,"minecraft:redstone":7,"minecraft:oak_trapdoor":2,"minecraft:coarse_dirt":26,"minecraft:tuff":1,"minecraft:composter":1,"minecraft:iron_boots":2,"minecraft:orange_wool":1,"minecraft:target":3,"minecraft:flower_pot":4,"minecraft:oak_button":1,"minecraft:spruce_trapdoor":1,"minecraft:andesite_stairs":2,"minecraft:oak_sapling":2,"minecraft:stone_bricks":14,"minecraft:barrel":1,"minecraft:bow":1,"minecraft:wooden_pickaxe":1},"minecraft:crafted":{"minecraft:oak_planks":1496,"minecraft:cooked_chicken":4,"minecraft:cooked_mutton":11,"minecraft:diamond_leggings":1,"minecraft:iron_boots":1,"minecraft:chest":3,"minecraft:oak_button":1,"minecraft:stone_hoe":1,"minecraft:emerald":153,"minecraft:arrow":192,"minecraft:cooked_porkchop":1,"minecraft:crafting_table":6,"minecraft:spruce_planks":152,"minecraft:iron_helmet":1,"minecraft:wooden_pickaxe":1,"minecraft:baked_potato":95,"minecraft:fletching_table":2,"minecraft:birch_planks":16,"minecraft:iron_chestplate":1,"minecraft:charcoal":2,"minecraft:shield":1,"minecraft:stick":4832,"minecraft:iron_pickaxe":3,"minecraft:iron_ingot":65,"minecraft:gold_ingot":3,"minecraft:furnace":3,"minecraft:bone_meal":9,"minecraft:iron_axe":8,"minecraft:stone_pickaxe":2,"minecraft:spruce_boat":1,"minecraft:wheat":18,"minecraft:cooked_beef":6,"minecraft:cooked_cod":3,"minecraft:stone_axe":1,"minecraft:enchanted_book":4,"minecraft:bread":6,"minecraft:air":0,"minecraft:jungle_planks":872,"minecraft:iron_shovel":2,"minecraft:iron_leggings":1,"minecraft:white_bed":1,"minecraft:acacia_planks":96,"minecraft:torch":64,"minecraft:diamond_chestplate":1},"minecraft:used":{"minecraft:moss_block":1,"minecraft:writable_book":1,"minecraft:iron_shovel":440,"minecraft:spruce_slab":45,"minecraft:chest":6,"minecraft:shield":25,"minecraft:iron_sword":234,"minecraft:bell":2,"minecraft:rotten_flesh":18,"minecraft:iron_chestplate":1,"minecraft:orange_wool":5,"minecraft:tuff":4,"minecraft:spruce_boat":1,"minecraft:jungle_sapling":22,"minecraft:polished_andesite_stairs":6,"minecraft:iron_helmet":1,"minecraft:mossy_cobblestone_slab":1,"minecraft:stone_bricks":3,"minecraft:bow":54,"minecraft:oak_sapling":41,"minecraft:furnace":10,"minecraft:cooked_cod":3,"minecraft:egg":1,"minecraft:potato":107,"minecraft:damaged_anvil":1,"minecraft:stone_pickaxe":170,"minecraft:oak_planks":238,"minecraft:blackstone":53,"minecraft:wooden_pickaxe":21,"minecraft:sugar_cane":6,"minecraft:cookie":4,"minecraft:bread":93,"minecraft:melon_slice":5,"minecraft:lectern":31,"minecraft:gravel":20,"minecraft:andesite":16,"minecraft:bone_meal":4,"minecraft:azalea":1,"minecraft:acacia_log":1,"minecraft:stone_hoe":43,"minecraft:cooked_chicken":5,"minecraft:torch":126,"minecraft:dirt":480,"minecraft:spruce_stairs":24,"minecraft:iron_axe":1751,"minecraft:oak_stairs":29,"minecraft:jungle_log":1,"minecraft:iron_boots":3,"minecraft:diamond_chestplate":1,"minecraft:cooked_beef":13,"minecraft:acacia_planks":114,"minecraft:cobbled_deepslate":22,"minecraft:iron_leggings":2,"minecraft:cooked_mutton":10,"minecraft:water_bucket":13,"minecraft:baked_potato":38,"minecraft:fletching_table":14,"minecraft:cobblestone_slab":2,"minecraft:mossy_cobblestone":4,"minecraft:stripped_dark_oak_log":1,"minecraft:crafting_table":12,"minecraft:red_bed":11,"minecraft:white_bed":3,"minecraft:oak_log":4,"minecraft:apple":40,"minecraft:diamond_shovel":184,"minecraft:oak_button":1,"minecraft:iron_pickaxe":603,"minecraft:spruce_trapdoor":5,"minecraft:yellow_wool":4,"minecraft:stone_axe":110,"minecraft:cobblestone":155,"minecraft:purple_bed":1,"minecraft:cooked_porkchop":2,"minecraft:bucket":13,"minecraft:yellow_bed":1,"minecraft:diamond_leggings":1},"minecraft:mined":{"minecraft:spruce_planks":8,"minecraft:white_bed":2,"minecraft:oak_sapling":25,"minecraft:andesite_stairs":30,"minecraft:cobblestone_stairs":8,"minecraft:jungle_leaves":3,"minecraft:orange_wool":6,"minecraft:brewing_stand":1,"minecraft:spruce_trapdoor":18,"minecraft:granite":2,"minecraft:stone_brick_wall":2,"minecraft:deepslate_tile_wall":3,"minecraft:acacia_log":47,"minecraft:grass_block":271,"minecraft:jungle_log":358,"minecraft:deepslate_tile_stairs":37,"minecraft:composter":2,"minecraft:spawner":2,"minecraft:tall_seagrass":1,"minecraft:mossy_cobblestone_slab":1,"minecraft:mossy_cobblestone_stairs":7,"minecraft:cobbled_deepslate":15,"minecraft:barrel":5,"minecraft:iron_ore":22,"minecraft:fire":1,"minecraft:target":4,"minecraft:moss_carpet":1,"minecraft:fletching_table":12,"minecraft:deepslate_lapis_ore":6,"minecraft:flowering_azalea_leaves":20,"minecraft:oak_stairs":51,"minecraft:azalea":2,"minecraft:spruce_slab":41,"minecraft:deepslate_redstone_ore":2,"minecraft:red_bed":12,"minecraft:blackstone":74,"minecraft:smoker":6,"minecraft:torch":35,"minecraft:polished_andesite_stairs":7,"minecraft:melon":2,"minecraft:chest":5,"minecraft:white_stained_glass_pane":8,"minecraft:dead_bush":2,"minecraft:cobblestone":97,"minecraft:bricks":2,"minecraft:sugar_cane":3,"minecraft:potted_oak_sapling":1,"minecraft:grindstone":1,"minecraft:oak_planks":153,"minecraft:damaged_anvil":1,"minecraft:wall_torch":27,"minecraft:seagrass":1,"minecraft:chain":1,"minecraft:red_candle":1,"minecraft:yellow_wool":4,"minecraft:smooth_stone_slab":3,"minecraft:stone_brick_stairs":8,"minecraft:oak_log":312,"minecraft:dirt":262,"minecraft:stripped_birch_wood":4,"minecraft:smooth_basalt":1,"minecraft:dispenser":1,"minecraft:yellow_stained_glass":3,"minecraft:piston":2,"minecraft:oak_leaves":42,"minecraft:deepslate":26,"minecraft:deepslate_tiles":2,"minecraft:tuff":22,"minecraft:mossy_cobblestone":18,"minecraft:potted_wither_rose":1,"minecraft:deepslate_diamond_ore":15,"minecraft:oak_door":2,"minecraft:dark_oak_log":2,"minecraft:potted_flowering_azalea_bush":2,"minecraft:gray_stained_glass_pane":11,"minecraft:spruce_fence":2,"minecraft:moss_block":14,"minecraft:rooted_dirt":2,"minecraft:hay_block":35,"minecraft:oak_trapdoor":1,"minecraft:furnace":8,"minecraft:jungle_sapling":1,"minecraft:acacia_wood":2,"minecraft:andesite":33,"minecraft:stripped_spruce_log":38,"minecraft:bell":1,"minecraft:mossy_stone_brick_stairs":3,"minecraft:bookshelf":8,"minecraft:potatoes":67,"minecraft:vine":48,"minecraft:deepslate_iron_ore":45,"minecraft:cobblestone_slab":2,"minecraft:stripped_oak_log":64,"minecraft:stone":127,"minecraft:acacia_leaves":16,"minecraft:brown_stained_glass_pane":2,"minecraft:stripped_dark_oak_log":1,"minecraft:basalt":1,"minecraft:crafting_table":7,"minecraft:short_grass":48,"minecraft:oak_wood":16,"minecraft:rose_bush":3,"minecraft:andesite_slab":6,"minecraft:lectern":31,"minecraft:campfire":1,"minecraft:andesite_wall":1,"minecraft:tall_grass":21,"minecraft:deepslate_coal_ore":4,"minecraft:deepslate_gold_ore":3,"minecraft:green_stained_glass_pane":4,"minecraft:spruce_stairs":70,"minecraft:purple_bed":1,"minecraft:coarse_dirt":25,"minecraft:cobblestone_wall":2,"minecraft:yellow_bed":1,"minecraft:coal_ore":79,"minecraft:gravel":82,"minecraft:cobweb":7,"minecraft:cracked_stone_bricks":8,"minecraft:acacia_planks":75,"minecraft:stone_bricks":24,"minecraft:fern":8},"minecraft:custom":{"minecraft:interact_with_crafting_table":44,"minecraft:open_barrel":19,"minecraft:bell_ring":81,"minecraft:eat_cake_slice":6,"minecraft:leave_game":31,"minecraft:time_since_death":46367,"minecraft:sprint_one_cm":1206079,"minecraft:damage_blocked_by_shield":1818,"minecraft:drop":137,"minecraft:talked_to_villager":115,"minecraft:play_time":499498,"minecraft:deaths":10,"minecraft:jump":9400,"minecraft:walk_on_water_one_cm":82321,"minecraft:interact_with_furnace":115,"minecraft:traded_with_villager":169,"minecraft:sleep_in_bed":23,"minecraft:damage_dealt":22767,"minecraft:crouch_one_cm":83756,"minecraft:interact_with_anvil":2,"minecraft:mob_kills":152,"minecraft:climb_one_cm":30444,"minecraft:walk_one_cm":888963,"minecraft:sneak_time":27015,"minecraft:walk_under_water_one_cm":61592,"minecraft:boat_one_cm":3830,"minecraft:total_world_time":499498,"minecraft:time_since_rest":3368,"minecraft:damage_taken":11796,"minecraft:swim_one_cm":381777,"minecraft:fly_one_cm":1758888,"minecraft:open_chest":234,"minecraft:fall_one_cm":238889},"minecraft:picked_up":{"minecraft:iron_chestplate":8,"minecraft:flower_pot":5,"minecraft:yellow_wool":4,"minecraft:lead":8,"minecraft:oak_stairs":56,"minecraft:wither_rose":2,"minecraft:enchanted_book":1,"minecraft:stone_brick_stairs":13,"minecraft:brewing_stand":3,"minecraft:string":7,"minecraft:smooth_stone_slab":6,"minecraft:iron_leggings":8,"minecraft:red_candle":3,"minecraft:experience_bottle":1,"minecraft:diamond_leggings":1,"minecraft:deepslate_tiles":2,"minecraft:cobbled_deepslate":66,"minecraft:spruce_planks":29,"minecraft:rose_bush":3,"minecraft:cobblestone_slab":2,"minecraft:azalea":4,"minecraft:iron_pickaxe":13,"minecraft:deepslate_tile_wall":3,"minecraft:melon_slice":24,"minecraft:iron_boots":12,"minecraft:furnace":9,"minecraft:golden_helmet":1,"minecraft:tipped_arrow":2,"minecraft:stick":227,"minecraft:composter":2,"minecraft:torch":163,"minecraft:acacia_log":108,"minecraft:spruce_stairs":77,"minecraft:porkchop":1,"minecraft:target":3,"minecraft:deepslate_tile_stairs":36,"minecraft:andesite_wall":1,"minecraft:rotten_flesh":127,"minecraft:stripped_birch_wood":4,"minecraft:obsidian":17,"minecraft:cobblestone":246,"minecraft:mossy_cobblestone_slab":1,"minecraft:feather":7,"minecraft:cooked_beef":7,"minecraft:andesite":66,"minecraft:water_bucket":10,"minecraft:jungle_log":554,"minecraft:golden_leggings":2,"minecraft:smoker":6,"minecraft:potato":234,"minecraft:flint":6,"minecraft:tuff":32,"minecraft:lapis_lazuli":68,"minecraft:dirt":533,"minecraft:bone":90,"minecraft:acacia_planks":503,"minecraft:bow":11,"minecraft:wheat_seeds":18,"minecraft:raw_gold":6,"minecraft:bell":2,"minecraft:fletching_table":13,"minecraft:moss_block":15,"minecraft:stone_hoe":2,"minecraft:oak_planks":602,"minecraft:mossy_stone_brick_stairs":3,"minecraft:cooked_porkchop":2,"minecraft:poisonous_potato":3,"minecraft:stripped_spruce_log":38,"minecraft:barrel":1,"minecraft:mossy_cobblestone":19,"minecraft:orange_wool":6,"minecraft:dispenser":1,"minecraft:diamond":37,"minecraft:spruce_boat":2,"minecraft:writable_book":1,"minecraft:granite":2,"minecraft:bread":111,"minecraft:emerald":43,"minecraft:rooted_dirt":3,"minecraft:oak_sapling":227,"minecraft:bricks":2,"minecraft:cocoa_beans":24,"minecraft:coarse_dirt":26,"minecraft:crafting_table":7,"minecraft:chicken":4,"minecraft:stone_brick_wall":2,"minecraft:diamond_horse_armor":1,"minecraft:chain":1,"minecraft:shield":9,"minecraft:oak_trapdoor":3,"minecraft:red_bed":12,"minecraft:iron_axe":12,"minecraft:iron_shovel":4,"minecraft:blackstone":100,"minecraft:cracked_stone_bricks":22,"minecraft:beef":12,"minecraft:andesite_stairs":2,"minecraft:jungle_sapling":31,"minecraft:iron_nugget":2,"minecraft:poppy":2,"minecraft:spruce_slab":52,"minecraft:lectern":33,"minecraft:sugar_cane":8,"minecraft:chest":3,"minecraft:piston":2,"minecraft:spruce_trapdoor":17,"minecraft:egg":1,"minecraft:raw_iron":80,"minecraft:oak_door":2,"minecraft:cookie":10,"minecraft:carrot":4,"minecraft:redstone":7,"minecraft:arrow":473,"minecraft:diamond_chestplate":1,"minecraft:hay_block":98,"minecraft:saddle":1,"minecraft:gold_ingot":31,"minecraft:mutton":13,"minecraft:white_wool":3,"minecraft:stripped_oak_log":62,"minecraft:tripwire_hook":3,"minecraft:leather":29,"minecraft:acacia_wood":1,"minecraft:oak_log":404,"minecraft:yellow_bed":1,"minecraft:gunpowder":2,"minecraft:cobblestone_wall":6,"minecraft:cobblestone_stairs":8,"minecraft:deepslate_tile_slab":2,"minecraft:cooked_mutton":30,"minecraft:apple":58,"minecraft:stone_bricks":44,"minecraft:iron_ingot":75,"minecraft:stone_pickaxe":1,"minecraft:cooked_chicken":6,"minecraft:acacia_sapling":29,"minecraft:iron_sword":2,"minecraft:flowering_azalea":3,"minecraft:book":48,"minecraft:polished_andesite_stairs":13,"minecraft:smooth_basalt":1,"minecraft:dandelion":2,"minecraft:gravel":104,"minecraft:white_bed":2,"minecraft:spider_eye":2,"minecraft:oak_wood":24,"minecraft:diamond_shovel":1,"minecraft:purple_bed":1,"minecraft:iron_helmet":6,"minecraft:mossy_cobblestone_stairs":14,"minecraft:oak_button":1,"minecraft:baked_potato":48,"minecraft:damaged_anvil":1,"minecraft:stripped_dark_oak_log":1,"minecraft:coal":266}},"DataVersion":3955}