{"stats":{"minecraft:mined":{"minecraft:white_bed":2,"minecraft:orange_wool":6,"minecraft:brewing_stand":1,"minecraft:spruce_trapdoor":6,"minecraft:granite":2,"minecraft:acacia_log":47,"minecraft:grass_block":63,"minecraft:stone_brick_wall":2,"minecraft:jungle_log":208,"minecraft:composter":2,"minecraft:spawner":1,"minecraft:tall_seagrass":1,"minecraft:fire":1,"minecraft:barrel":5,"minecraft:iron_ore":22,"minecraft:cobbled_deepslate":15,"minecraft:target":4,"minecraft:moss_carpet":1,"minecraft:fletching_table":12,"minecraft:deepslate_lapis_ore":6,"minecraft:flowering_azalea_leaves":3,"minecraft:oak_stairs":6,"minecraft:azalea":2,"minecraft:spruce_slab":2,"minecraft:deepslate_redstone_ore":2,"minecraft:red_bed":12,"minecraft:blackstone":71,"minecraft:smoker":6,"minecraft:torch":32,"minecraft:melon":1,"minecraft:chest":3,"minecraft:dead_bush":2,"minecraft:cobblestone":26,"minecraft:sugar_cane":1,"minecraft:grindstone":1,"minecraft:oak_planks":65,"minecraft:damaged_anvil":1,"minecraft:wall_torch":22,"minecraft:seagrass":1,"minecraft:chain":1,"minecraft:red_candle":1,"minecraft:yellow_wool":4,"minecraft:stone_brick_stairs":8,"minecraft:oak_log":84,"minecraft:dirt":50,"minecraft:smooth_basalt":1,"minecraft:dispenser":1,"minecraft:yellow_stained_glass":3,"minecraft:piston":2,"minecraft:oak_leaves":27,"minecraft:deepslate":26,"minecraft:tuff":6,"minecraft:mossy_cobblestone":7,"minecraft:potted_wither_rose":1,"minecraft:deepslate_diamond_ore":15,"minecraft:oak_door":1,"minecraft:dark_oak_log":2,"minecraft:potted_flowering_azalea_bush":2,"minecraft:gray_stained_glass_pane":2,"minecraft:spruce_fence":2,"minecraft:moss_block":3,"minecraft:hay_block":35,"minecraft:oak_trapdoor":1,"minecraft:furnace":5,"minecraft:stripped_spruce_log":3,"minecraft:bell":1,"minecraft:mossy_stone_brick_stairs":3,"minecraft:bookshelf":8,"minecraft:potatoes":27,"minecraft:deepslate_iron_ore":45,"minecraft:vine":25,"minecraft:stripped_oak_log":22,"minecraft:stone":90,"minecraft:acacia_leaves":16,"minecraft:brown_stained_glass_pane":2,"minecraft:stripped_dark_oak_log":1,"minecraft:basalt":1,"minecraft:crafting_table":7,"minecraft:short_grass":40,"minecraft:oak_wood":16,"minecraft:rose_bush":2,"minecraft:lectern":31,"minecraft:andesite_wall":1,"minecraft:tall_grass":20,"minecraft:deepslate_gold_ore":3,"minecraft:green_stained_glass_pane":4,"minecraft:purple_bed":1,"minecraft:coarse_dirt":2,"minecraft:cobblestone_wall":2,"minecraft:yellow_bed":1,"minecraft:coal_ore":79,"minecraft:gravel":82,"minecraft:cracked_stone_bricks":8,"minecraft:acacia_planks":71,"minecraft:stone_bricks":16,"minecraft:fern":6},"minecraft:broken":{"minecraft:stone_pickaxe":1,"minecraft:stone_axe":1,"minecraft:iron_axe":3,"minecraft:iron_pickaxe":1,"minecraft:iron_helmet":1},"minecraft:killed":{"minecraft:spider":4,"minecraft:skeleton":4,"minecraft:chicken":7,"minecraft:zombie_villager":6,"minecraft:creeper":2,"minecraft:sheep":4,"minecraft:trader_llama":4,"minecraft:zombie":34,"minecraft:cow":5,"minecraft:wandering_trader":2},"minecraft:killed_by":{"minecraft:zombie_villager":3,"minecraft:drowned":4},"minecraft:crafted":{"minecraft:oak_planks":252,"minecraft:cooked_chicken":4,"minecraft:cooked_mutton":11,"minecraft:iron_boots":1,"minecraft:chest":1,"minecraft:stone_hoe":1,"minecraft:emerald":34,"minecraft:crafting_table":6,"minecraft:spruce_planks":12,"minecraft:iron_helmet":1,"minecraft:wooden_pickaxe":1,"minecraft:baked_potato":1,"minecraft:fletching_table":2,"minecraft:iron_chestplate":1,"minecraft:charcoal":2,"minecraft:shield":1,"minecraft:stick":1068,"minecraft:iron_ingot":65,"minecraft:iron_pickaxe":2,"minecraft:furnace":3,"minecraft:iron_axe":6,"minecraft:stone_pickaxe":2,"minecraft:spruce_boat":1,"minecraft:wheat":18,"minecraft:cooked_beef":4,"minecraft:cooked_cod":3,"minecraft:stone_axe":1,"minecraft:enchanted_book":2,"minecraft:bread":6,"minecraft:air":0,"minecraft:jungle_planks":516,"minecraft:iron_shovel":1,"minecraft:iron_leggings":1,"minecraft:white_bed":1,"minecraft:acacia_planks":96,"minecraft:torch":64},"minecraft:used":{"minecraft:moss_block":1,"minecraft:writable_book":1,"minecraft:iron_shovel":184,"minecraft:chest":3,"minecraft:shield":12,"minecraft:bell":1,"minecraft:rotten_flesh":18,"minecraft:iron_chestplate":1,"minecraft:orange_wool":5,"minecraft:spruce_boat":1,"minecraft:jungle_sapling":1,"minecraft:iron_helmet":1,"minecraft:stone_bricks":2,"minecraft:bow":36,"minecraft:furnace":7,"minecraft:cooked_cod":3,"minecraft:egg":1,"minecraft:potato":67,"minecraft:stone_pickaxe":170,"minecraft:oak_planks":175,"minecraft:blackstone":52,"minecraft:wooden_pickaxe":21,"minecraft:cookie":4,"minecraft:bread":80,"minecraft:lectern":31,"minecraft:gravel":15,"minecraft:azalea":1,"minecraft:acacia_log":1,"minecraft:stone_hoe":43,"minecraft:cooked_chicken":5,"minecraft:torch":82,"minecraft:dirt":80,"minecraft:iron_axe":894,"minecraft:iron_boots":2,"minecraft:cooked_beef":11,"minecraft:cobbled_deepslate":22,"minecraft:acacia_planks":98,"minecraft:iron_leggings":2,"minecraft:cooked_mutton":7,"minecraft:water_bucket":7,"minecraft:baked_potato":1,"minecraft:fletching_table":14,"minecraft:mossy_cobblestone":4,"minecraft:stripped_dark_oak_log":1,"minecraft:crafting_table":12,"minecraft:red_bed":11,"minecraft:white_bed":3,"minecraft:apple":21,"minecraft:iron_pickaxe":301,"minecraft:spruce_trapdoor":3,"minecraft:yellow_wool":4,"minecraft:stone_axe":110,"minecraft:cobblestone":73,"minecraft:purple_bed":1,"minecraft:cooked_porkchop":1,"minecraft:bucket":7,"minecraft:yellow_bed":1},"minecraft:custom":{"minecraft:interact_with_crafting_table":36,"minecraft:open_barrel":19,"minecraft:bell_ring":81,"minecraft:eat_cake_slice":6,"minecraft:leave_game":19,"minecraft:time_since_death":26740,"minecraft:sprint_one_cm":791041,"minecraft:damage_blocked_by_shield":1068,"minecraft:drop":82,"minecraft:talked_to_villager":85,"minecraft:play_time":336007,"minecraft:deaths":7,"minecraft:jump":6793,"minecraft:walk_on_water_one_cm":49715,"minecraft:interact_with_furnace":81,"minecraft:traded_with_villager":36,"minecraft:sleep_in_bed":18,"minecraft:damage_dealt":11114,"minecraft:crouch_one_cm":37299,"minecraft:mob_kills":74,"minecraft:climb_one_cm":14293,"minecraft:walk_one_cm":622526,"minecraft:sneak_time":15176,"minecraft:walk_under_water_one_cm":31730,"minecraft:boat_one_cm":3830,"minecraft:total_world_time":336007,"minecraft:time_since_rest":20596,"minecraft:damage_taken":7931,"minecraft:swim_one_cm":254864,"minecraft:fly_one_cm":1304899,"minecraft:open_chest":143,"minecraft:fall_one_cm":178647},"minecraft:picked_up":{"minecraft:iron_chestplate":6,"minecraft:flower_pot":4,"minecraft:yellow_wool":4,"minecraft:lead":6,"minecraft:oak_stairs":15,"minecraft:wither_rose":2,"minecraft:stone_brick_stairs":13,"minecraft:brewing_stand":3,"minecraft:iron_leggings":8,"minecraft:red_candle":3,"minecraft:cobbled_deepslate":66,"minecraft:spruce_planks":15,"minecraft:rose_bush":2,"minecraft:azalea":4,"minecraft:iron_pickaxe":10,"minecraft:melon_slice":12,"minecraft:iron_boots":7,"minecraft:furnace":6,"minecraft:golden_helmet":1,"minecraft:stick":127,"minecraft:composter":2,"minecraft:torch":86,"minecraft:acacia_log":108,"minecraft:target":3,"minecraft:andesite_wall":1,"minecraft:rotten_flesh":61,"minecraft:obsidian":17,"minecraft:cobblestone":117,"minecraft:feather":7,"minecraft:cooked_beef":5,"minecraft:water_bucket":7,"minecraft:jungle_log":264,"minecraft:smoker":6,"minecraft:potato":87,"minecraft:flint":6,"minecraft:tuff":13,"minecraft:lapis_lazuli":68,"minecraft:dirt":117,"minecraft:bone":69,"minecraft:acacia_planks":389,"minecraft:bow":6,"minecraft:wheat_seeds":10,"minecraft:raw_gold":6,"minecraft:bell":1,"minecraft:fletching_table":13,"minecraft:moss_block":5,"minecraft:stone_hoe":2,"minecraft:oak_planks":381,"minecraft:mossy_stone_brick_stairs":3,"minecraft:cooked_porkchop":1,"minecraft:stripped_spruce_log":3,"minecraft:mossy_cobblestone":6,"minecraft:barrel":1,"minecraft:orange_wool":6,"minecraft:dispenser":1,"minecraft:diamond":37,"minecraft:spruce_boat":2,"minecraft:writable_book":1,"minecraft:granite":2,"minecraft:bread":93,"minecraft:emerald":39,"minecraft:oak_sapling":76,"minecraft:cocoa_beans":12,"minecraft:coarse_dirt":3,"minecraft:crafting_table":7,"minecraft:chicken":4,"minecraft:stone_brick_wall":2,"minecraft:diamond_horse_armor":1,"minecraft:chain":1,"minecraft:shield":6,"minecraft:oak_trapdoor":3,"minecraft:red_bed":12,"minecraft:iron_axe":6,"minecraft:iron_shovel":4,"minecraft:blackstone":97,"minecraft:cracked_stone_bricks":22,"minecraft:beef":9,"minecraft:jungle_sapling":15,"minecraft:iron_nugget":2,"minecraft:poppy":2,"minecraft:spruce_slab":2,"minecraft:lectern":33,"minecraft:sugar_cane":2,"minecraft:chest":2,"minecraft:piston":2,"minecraft:spruce_trapdoor":4,"minecraft:egg":1,"minecraft:raw_iron":80,"minecraft:cookie":10,"minecraft:carrot":2,"minecraft:arrow":211,"minecraft:hay_block":34,"minecraft:gold_ingot":28,"minecraft:mutton":13,"minecraft:white_wool":3,"minecraft:stripped_oak_log":19,"minecraft:tripwire_hook":3,"minecraft:leather":20,"minecraft:oak_log":104,"minecraft:yellow_bed":1,"minecraft:gunpowder":2,"minecraft:cobblestone_wall":6,"minecraft:cooked_mutton":30,"minecraft:apple":17,"minecraft:stone_bricks":37,"minecraft:iron_ingot":49,"minecraft:stone_pickaxe":1,"minecraft:cooked_chicken":6,"minecraft:acacia_sapling":29,"minecraft:flowering_azalea":1,"minecraft:book":48,"minecraft:smooth_basalt":1,"minecraft:dandelion":2,"minecraft:gravel":99,"minecraft:white_bed":2,"minecraft:spider_eye":2,"minecraft:oak_wood":24,"minecraft:purple_bed":1,"minecraft:iron_helmet":4,"minecraft:baked_potato":32,"minecraft:damaged_anvil":1,"minecraft:stripped_dark_oak_log":1,"minecraft:coal":166},"minecraft:dropped":{"minecraft:moss_block":2,"minecraft:mossy_stone_brick_stairs":2,"minecraft:fletching_table":1,"minecraft:cracked_stone_bricks":7,"minecraft:dispenser":1,"minecraft:jungle_sapling":1,"minecraft:writable_book":1,"minecraft:gravel":75,"minecraft:cobbled_deepslate":4,"minecraft:rotten_flesh":21,"minecraft:oak_planks":8,"minecraft:poppy":1,"minecraft:red_candle":3,"minecraft:stone_brick_wall":2,"minecraft:azalea":3,"minecraft:spruce_slab":1,"minecraft:arrow":2,"minecraft:stone_brick_stairs":4,"minecraft:lectern":1,"minecraft:wheat_seeds":5,"minecraft:mossy_cobblestone":2,"minecraft:cobblestone":1,"minecraft:andesite_wall":1,"minecraft:apple":1,"minecraft:brewing_stand":1,"minecraft:rose_bush":1,"minecraft:iron_leggings":1,"minecraft:oak_stairs":3,"minecraft:tripwire_hook":3,"minecraft:dandelion":1,"minecraft:oak_trapdoor":2,"minecraft:coarse_dirt":3,"minecraft:tuff":1,"minecraft:composter":1,"minecraft:orange_wool":1,"minecraft:target":3,"minecraft:flower_pot":3,"minecraft:spruce_trapdoor":1,"minecraft:oak_sapling":2,"minecraft:barrel":1,"minecraft:stone_bricks":14,"minecraft:wooden_pickaxe":1}},"DataVersion":3955}