{"stats":{"minecraft:mined":{"minecraft:white_bed":2,"minecraft:orange_wool":6,"minecraft:brewing_stand":1,"minecraft:spruce_trapdoor":6,"minecraft:granite":2,"minecraft:acacia_log":47,"minecraft:grass_block":65,"minecraft:stone_brick_wall":2,"minecraft:jungle_log":208,"minecraft:composter":2,"minecraft:spawner":1,"minecraft:tall_seagrass":1,"minecraft:cobbled_deepslate":15,"minecraft:iron_ore":22,"minecraft:barrel":5,"minecraft:fire":1,"minecraft:target":4,"minecraft:moss_carpet":1,"minecraft:deepslate_lapis_ore":6,"minecraft:fletching_table":12,"minecraft:flowering_azalea_leaves":3,"minecraft:oak_stairs":6,"minecraft:azalea":2,"minecraft:spruce_slab":2,"minecraft:deepslate_redstone_ore":2,"minecraft:red_bed":12,"minecraft:blackstone":71,"minecraft:smoker":6,"minecraft:torch":32,"minecraft:melon":1,"minecraft:chest":3,"minecraft:dead_bush":2,"minecraft:cobblestone":26,"minecraft:oak_planks":65,"minecraft:grindstone":1,"minecraft:sugar_cane":1,"minecraft:damaged_anvil":1,"minecraft:wall_torch":22,"minecraft:seagrass":1,"minecraft:chain":1,"minecraft:red_candle":1,"minecraft:yellow_wool":4,"minecraft:stone_brick_stairs":8,"minecraft:oak_log":88,"minecraft:dirt":50,"minecraft:stripped_birch_wood":4,"minecraft:smooth_basalt":1,"minecraft:dispenser":1,"minecraft:yellow_stained_glass":3,"minecraft:piston":2,"minecraft:oak_leaves":27,"minecraft:deepslate":26,"minecraft:tuff":6,"minecraft:mossy_cobblestone":7,"minecraft:potted_wither_rose":1,"minecraft:deepslate_diamond_ore":15,"minecraft:oak_door":1,"minecraft:dark_oak_log":2,"minecraft:potted_flowering_azalea_bush":2,"minecraft:gray_stained_glass_pane":2,"minecraft:spruce_fence":2,"minecraft:moss_block":3,"minecraft:hay_block":35,"minecraft:oak_trapdoor":1,"minecraft:furnace":5,"minecraft:stripped_spruce_log":3,"minecraft:bell":1,"minecraft:mossy_stone_brick_stairs":3,"minecraft:bookshelf":8,"minecraft:potatoes":27,"minecraft:deepslate_iron_ore":45,"minecraft:vine":25,"minecraft:stripped_oak_log":22,"minecraft:stone":90,"minecraft:acacia_leaves":16,"minecraft:brown_stained_glass_pane":2,"minecraft:stripped_dark_oak_log":1,"minecraft:basalt":1,"minecraft:crafting_table":7,"minecraft:short_grass":41,"minecraft:oak_wood":16,"minecraft:rose_bush":2,"minecraft:lectern":31,"minecraft:andesite_wall":1,"minecraft:tall_grass":20,"minecraft:deepslate_gold_ore":3,"minecraft:green_stained_glass_pane":4,"minecraft:purple_bed":1,"minecraft:coarse_dirt":2,"minecraft:cobblestone_wall":2,"minecraft:yellow_bed":1,"minecraft:coal_ore":79,"minecraft:gravel":82,"minecraft:cracked_stone_bricks":8,"minecraft:acacia_planks":75,"minecraft:stone_bricks":17,"minecraft:fern":6},"minecraft:broken":{"minecraft:stone_pickaxe":1,"minecraft:stone_axe":1,"minecraft:iron_axe":4,"minecraft:iron_pickaxe":1,"minecraft:iron_helmet":1},"minecraft:killed":{"minecraft:spider":4,"minecraft:skeleton":9,"minecraft:chicken":7,"minecraft:zombie_villager":6,"minecraft:creeper":2,"minecraft:sheep":4,"minecraft:trader_llama":4,"minecraft:zombie":35,"minecraft:stray":1,"minecraft:cow":5,"minecraft:drowned":1,"minecraft:wandering_trader":2},"minecraft:killed_by":{"minecraft:zombie_villager":3,"minecraft:drowned":4,"minecraft:skeleton":2},"minecraft:crafted":{"minecraft:oak_planks":252,"minecraft:cooked_chicken":4,"minecraft:cooked_mutton":11,"minecraft:iron_boots":1,"minecraft:chest":1,"minecraft:stone_hoe":1,"minecraft:emerald":34,"minecraft:crafting_table":6,"minecraft:spruce_planks":12,"minecraft:iron_helmet":1,"minecraft:wooden_pickaxe":1,"minecraft:baked_potato":1,"minecraft:fletching_table":2,"minecraft:iron_chestplate":1,"minecraft:charcoal":2,"minecraft:shield":1,"minecraft:stick":1068,"minecraft:iron_ingot":65,"minecraft:iron_pickaxe":2,"minecraft:furnace":3,"minecraft:iron_axe":6,"minecraft:stone_pickaxe":2,"minecraft:spruce_boat":1,"minecraft:wheat":18,"minecraft:cooked_beef":4,"minecraft:cooked_cod":3,"minecraft:stone_axe":1,"minecraft:enchanted_book":2,"minecraft:bread":6,"minecraft:air":0,"minecraft:jungle_planks":516,"minecraft:iron_shovel":1,"minecraft:iron_leggings":1,"minecraft:white_bed":1,"minecraft:acacia_planks":96,"minecraft:torch":64},"minecraft:used":{"minecraft:moss_block":1,"minecraft:writable_book":1,"minecraft:iron_shovel":184,"minecraft:chest":3,"minecraft:shield":15,"minecraft:iron_sword":8,"minecraft:bell":1,"minecraft:rotten_flesh":18,"minecraft:iron_chestplate":1,"minecraft:orange_wool":5,"minecraft:spruce_boat":1,"minecraft:jungle_sapling":1,"minecraft:iron_helmet":1,"minecraft:stone_bricks":2,"minecraft:bow":36,"minecraft:furnace":7,"minecraft:cooked_cod":3,"minecraft:egg":1,"minecraft:potato":67,"minecraft:stone_pickaxe":170,"minecraft:oak_planks":176,"minecraft:blackstone":52,"minecraft:wooden_pickaxe":21,"minecraft:cookie":4,"minecraft:bread":84,"minecraft:lectern":31,"minecraft:gravel":20,"minecraft:azalea":1,"minecraft:acacia_log":1,"minecraft:stone_hoe":43,"minecraft:cooked_chicken":5,"minecraft:torch":88,"minecraft:dirt":81,"minecraft:iron_axe":926,"minecraft:iron_boots":3,"minecraft:cooked_beef":11,"minecraft:cobbled_deepslate":22,"minecraft:acacia_planks":114,"minecraft:iron_leggings":2,"minecraft:cooked_mutton":10,"minecraft:water_bucket":7,"minecraft:baked_potato":5,"minecraft:fletching_table":14,"minecraft:mossy_cobblestone":4,"minecraft:stripped_dark_oak_log":1,"minecraft:crafting_table":12,"minecraft:red_bed":11,"minecraft:white_bed":3,"minecraft:oak_log":4,"minecraft:apple":21,"minecraft:iron_pickaxe":302,"minecraft:spruce_trapdoor":3,"minecraft:yellow_wool":4,"minecraft:stone_axe":110,"minecraft:cobblestone":75,"minecraft:purple_bed":1,"minecraft:cooked_porkchop":1,"minecraft:bucket":7,"minecraft:yellow_bed":1},"minecraft:custom":{"minecraft:interact_with_crafting_table":36,"minecraft:open_barrel":19,"minecraft:bell_ring":81,"minecraft:eat_cake_slice":6,"minecraft:leave_game":25,"minecraft:time_since_death":9389,"minecraft:sprint_one_cm":867690,"minecraft:damage_blocked_by_shield":1248,"minecraft:drop":83,"minecraft:talked_to_villager":85,"minecraft:play_time":354864,"minecraft:deaths":9,"minecraft:jump":7278,"minecraft:walk_on_water_one_cm":55398,"minecraft:interact_with_furnace":81,"minecraft:traded_with_villager":36,"minecraft:sleep_in_bed":18,"minecraft:damage_dealt":12329,"minecraft:crouch_one_cm":37991,"minecraft:mob_kills":82,"minecraft:climb_one_cm":16479,"minecraft:walk_one_cm":650437,"minecraft:sneak_time":15490,"minecraft:walk_under_water_one_cm":37893,"minecraft:boat_one_cm":3830,"minecraft:total_world_time":354864,"minecraft:time_since_rest":9545,"minecraft:damage_taken":9016,"minecraft:swim_one_cm":299918,"minecraft:fly_one_cm":1377228,"minecraft:open_chest":153,"minecraft:fall_one_cm":190586},"minecraft:picked_up":{"minecraft:iron_chestplate":8,"minecraft:flower_pot":4,"minecraft:yellow_wool":4,"minecraft:lead":6,"minecraft:oak_stairs":15,"minecraft:wither_rose":2,"minecraft:stone_brick_stairs":13,"minecraft:brewing_stand":3,"minecraft:iron_leggings":8,"minecraft:red_candle":3,"minecraft:cobbled_deepslate":66,"minecraft:spruce_planks":21,"minecraft:rose_bush":2,"minecraft:azalea":4,"minecraft:iron_pickaxe":12,"minecraft:melon_slice":18,"minecraft:iron_boots":10,"minecraft:furnace":6,"minecraft:golden_helmet":1,"minecraft:tipped_arrow":2,"minecraft:stick":135,"minecraft:composter":2,"minecraft:torch":143,"minecraft:acacia_log":108,"minecraft:target":3,"minecraft:andesite_wall":1,"minecraft:rotten_flesh":64,"minecraft:stripped_birch_wood":4,"minecraft:obsidian":17,"minecraft:cobblestone":127,"minecraft:feather":7,"minecraft:cooked_beef":5,"minecraft:water_bucket":9,"minecraft:jungle_log":378,"minecraft:smoker":6,"minecraft:potato":87,"minecraft:flint":6,"minecraft:tuff":13,"minecraft:lapis_lazuli":68,"minecraft:dirt":119,"minecraft:bone":82,"minecraft:acacia_planks":503,"minecraft:bow":8,"minecraft:wheat_seeds":12,"minecraft:raw_gold":6,"minecraft:bell":1,"minecraft:fletching_table":13,"minecraft:moss_block":5,"minecraft:stone_hoe":2,"minecraft:oak_planks":513,"minecraft:mossy_stone_brick_stairs":3,"minecraft:cooked_porkchop":1,"minecraft:stripped_spruce_log":3,"minecraft:mossy_cobblestone":6,"minecraft:barrel":1,"minecraft:orange_wool":6,"minecraft:dispenser":1,"minecraft:diamond":37,"minecraft:spruce_boat":2,"minecraft:writable_book":1,"minecraft:granite":2,"minecraft:bread":108,"minecraft:emerald":43,"minecraft:oak_sapling":94,"minecraft:cocoa_beans":24,"minecraft:coarse_dirt":3,"minecraft:crafting_table":7,"minecraft:chicken":4,"minecraft:stone_brick_wall":2,"minecraft:diamond_horse_armor":1,"minecraft:chain":1,"minecraft:shield":8,"minecraft:oak_trapdoor":3,"minecraft:red_bed":12,"minecraft:iron_axe":10,"minecraft:iron_shovel":4,"minecraft:blackstone":97,"minecraft:cracked_stone_bricks":22,"minecraft:beef":11,"minecraft:jungle_sapling":15,"minecraft:iron_nugget":2,"minecraft:poppy":2,"minecraft:spruce_slab":2,"minecraft:lectern":33,"minecraft:sugar_cane":2,"minecraft:chest":2,"minecraft:piston":2,"minecraft:spruce_trapdoor":4,"minecraft:egg":1,"minecraft:raw_iron":80,"minecraft:cookie":10,"minecraft:carrot":2,"minecraft:arrow":274,"minecraft:hay_block":98,"minecraft:saddle":1,"minecraft:gold_ingot":31,"minecraft:mutton":13,"minecraft:white_wool":3,"minecraft:stripped_oak_log":19,"minecraft:tripwire_hook":3,"minecraft:leather":24,"minecraft:oak_log":146,"minecraft:yellow_bed":1,"minecraft:gunpowder":2,"minecraft:cobblestone_wall":6,"minecraft:cooked_mutton":30,"minecraft:apple":31,"minecraft:stone_bricks":38,"minecraft:iron_ingot":75,"minecraft:stone_pickaxe":1,"minecraft:cooked_chicken":6,"minecraft:acacia_sapling":29,"minecraft:flowering_azalea":1,"minecraft:book":48,"minecraft:smooth_basalt":1,"minecraft:dandelion":2,"minecraft:gravel":104,"minecraft:white_bed":2,"minecraft:spider_eye":2,"minecraft:oak_wood":24,"minecraft:purple_bed":1,"minecraft:iron_helmet":4,"minecraft:baked_potato":42,"minecraft:damaged_anvil":1,"minecraft:stripped_dark_oak_log":1,"minecraft:coal":230},"minecraft:dropped":{"minecraft:moss_block":2,"minecraft:mossy_stone_brick_stairs":2,"minecraft:fletching_table":1,"minecraft:cracked_stone_bricks":7,"minecraft:dispenser":1,"minecraft:jungle_sapling":1,"minecraft:writable_book":1,"minecraft:gravel":75,"minecraft:cobbled_deepslate":4,"minecraft:rotten_flesh":21,"minecraft:oak_planks":8,"minecraft:poppy":1,"minecraft:red_candle":3,"minecraft:stone_brick_wall":2,"minecraft:azalea":3,"minecraft:spruce_slab":1,"minecraft:arrow":2,"minecraft:stone_brick_stairs":4,"minecraft:lectern":1,"minecraft:wheat_seeds":5,"minecraft:mossy_cobblestone":2,"minecraft:cobblestone":1,"minecraft:andesite_wall":1,"minecraft:apple":1,"minecraft:brewing_stand":1,"minecraft:rose_bush":1,"minecraft:iron_leggings":1,"minecraft:oak_stairs":3,"minecraft:tripwire_hook":3,"minecraft:dandelion":1,"minecraft:oak_trapdoor":2,"minecraft:coarse_dirt":3,"minecraft:tuff":1,"minecraft:composter":1,"minecraft:iron_boots":1,"minecraft:orange_wool":1,"minecraft:target":3,"minecraft:flower_pot":3,"minecraft:spruce_trapdoor":1,"minecraft:oak_sapling":2,"minecraft:stone_bricks":14,"minecraft:barrel":1,"minecraft:wooden_pickaxe":1}},"DataVersion":3955}