{"stats":{"minecraft:mined":{"minecraft:tuff":6,"minecraft:white_bed":2,"minecraft:mossy_cobblestone":7,"minecraft:deepslate_diamond_ore":15,"minecraft:oak_door":1,"minecraft:dark_oak_log":2,"minecraft:potted_flowering_azalea_bush":2,"minecraft:orange_wool":6,"minecraft:brewing_stand":1,"minecraft:gray_stained_glass_pane":2,"minecraft:spruce_trapdoor":6,"minecraft:granite":2,"minecraft:acacia_log":47,"minecraft:stone_brick_wall":2,"minecraft:grass_block":63,"minecraft:spruce_fence":2,"minecraft:jungle_log":151,"minecraft:composter":2,"minecraft:moss_block":3,"minecraft:hay_block":2,"minecraft:tall_seagrass":1,"minecraft:oak_trapdoor":1,"minecraft:furnace":5,"minecraft:cobbled_deepslate":15,"minecraft:iron_ore":22,"minecraft:fire":1,"minecraft:barrel":5,"minecraft:target":4,"minecraft:stripped_spruce_log":3,"minecraft:moss_carpet":1,"minecraft:deepslate_lapis_ore":6,"minecraft:fletching_table":12,"minecraft:bell":1,"minecraft:bookshelf":8,"minecraft:flowering_azalea_leaves":3,"minecraft:deepslate_iron_ore":45,"minecraft:vine":14,"minecraft:oak_stairs":6,"minecraft:stripped_oak_log":22,"minecraft:azalea":2,"minecraft:stone":84,"minecraft:spruce_slab":2,"minecraft:deepslate_redstone_ore":2,"minecraft:acacia_leaves":16,"minecraft:red_bed":12,"minecraft:blackstone":71,"minecraft:brown_stained_glass_pane":2,"minecraft:smoker":6,"minecraft:stripped_dark_oak_log":1,"minecraft:basalt":1,"minecraft:crafting_table":7,"minecraft:torch":28,"minecraft:short_grass":34,"minecraft:oak_wood":16,"minecraft:chest":3,"minecraft:dead_bush":2,"minecraft:rose_bush":2,"minecraft:andesite_wall":1,"minecraft:lectern":31,"minecraft:tall_grass":12,"minecraft:cobblestone":26,"minecraft:damaged_anvil":1,"minecraft:grindstone":1,"minecraft:deepslate_gold_ore":3,"minecraft:green_stained_glass_pane":4,"minecraft:oak_planks":54,"minecraft:sugar_cane":1,"minecraft:wall_torch":15,"minecraft:seagrass":1,"minecraft:purple_bed":1,"minecraft:red_candle":1,"minecraft:coarse_dirt":2,"minecraft:yellow_wool":4,"minecraft:yellow_bed":1,"minecraft:stone_brick_stairs":1,"minecraft:coal_ore":41,"minecraft:oak_log":65,"minecraft:gravel":82,"minecraft:dirt":50,"minecraft:cracked_stone_bricks":1,"minecraft:smooth_basalt":1,"minecraft:acacia_planks":64,"minecraft:dispenser":1,"minecraft:stone_bricks":6,"minecraft:yellow_stained_glass":3,"minecraft:piston":2,"minecraft:oak_leaves":26,"minecraft:deepslate":26,"minecraft:fern":5},"minecraft:broken":{"minecraft:stone_pickaxe":1,"minecraft:iron_axe":3,"minecraft:stone_axe":1},"minecraft:killed_by":{"minecraft:drowned":3},"minecraft:killed":{"minecraft:spider":4,"minecraft:skeleton":4,"minecraft:chicken":7,"minecraft:wandering_trader":2,"minecraft:creeper":2,"minecraft:sheep":4,"minecraft:trader_llama":4,"minecraft:zombie":32,"minecraft:cow":4},"minecraft:crafted":{"minecraft:oak_planks":252,"minecraft:cooked_chicken":4,"minecraft:furnace":3,"minecraft:cooked_mutton":11,"minecraft:iron_boots":1,"minecraft:iron_axe":3,"minecraft:stone_pickaxe":2,"minecraft:chest":1,"minecraft:spruce_boat":1,"minecraft:stone_hoe":1,"minecraft:wheat":18,"minecraft:cooked_beef":4,"minecraft:cooked_cod":3,"minecraft:emerald":34,"minecraft:crafting_table":6,"minecraft:spruce_planks":12,"minecraft:wooden_pickaxe":1,"minecraft:iron_helmet":1,"minecraft:fletching_table":2,"minecraft:stone_axe":1,"minecraft:enchanted_book":2,"minecraft:bread":6,"minecraft:air":0,"minecraft:jungle_planks":516,"minecraft:iron_chestplate":1,"minecraft:charcoal":2,"minecraft:shield":1,"minecraft:stick":1068,"minecraft:iron_ingot":65,"minecraft:iron_pickaxe":1,"minecraft:iron_shovel":1,"minecraft:iron_leggings":1,"minecraft:white_bed":1,"minecraft:acacia_planks":96,"minecraft:torch":40},"minecraft:used":{"minecraft:azalea":1,"minecraft:moss_block":1,"minecraft:writable_book":1,"minecraft:acacia_log":1,"minecraft:iron_shovel":184,"minecraft:chest":3,"minecraft:shield":8,"minecraft:bell":1,"minecraft:cooked_chicken":3,"minecraft:rotten_flesh":18,"minecraft:stone_hoe":43,"minecraft:torch":69,"minecraft:dirt":80,"minecraft:orange_wool":5,"minecraft:spruce_boat":1,"minecraft:iron_axe":696,"minecraft:bow":27,"minecraft:furnace":7,"minecraft:cooked_cod":3,"minecraft:egg":1,"minecraft:cooked_beef":11,"minecraft:potato":27,"minecraft:acacia_planks":88,"minecraft:cobbled_deepslate":22,"minecraft:iron_leggings":1,"minecraft:cooked_mutton":5,"minecraft:water_bucket":3,"minecraft:stone_pickaxe":170,"minecraft:oak_planks":165,"minecraft:blackstone":52,"minecraft:wooden_pickaxe":21,"minecraft:fletching_table":14,"minecraft:cookie":2,"minecraft:stripped_dark_oak_log":1,"minecraft:crafting_table":12,"minecraft:mossy_cobblestone":4,"minecraft:red_bed":11,"minecraft:white_bed":3,"minecraft:apple":18,"minecraft:bread":61,"minecraft:iron_pickaxe":224,"minecraft:lectern":31,"minecraft:spruce_trapdoor":3,"minecraft:gravel":15,"minecraft:yellow_wool":4,"minecraft:stone_axe":110,"minecraft:cobblestone":73,"minecraft:purple_bed":1,"minecraft:cooked_porkchop":1,"minecraft:bucket":3,"minecraft:yellow_bed":1},"minecraft:custom":{"minecraft:mob_kills":65,"minecraft:interact_with_crafting_table":33,"minecraft:open_barrel":19,"minecraft:bell_ring":81,"minecraft:eat_cake_slice":6,"minecraft:leave_game":9,"minecraft:time_since_death":14419,"minecraft:climb_one_cm":10946,"minecraft:sprint_one_cm":672026,"minecraft:walk_one_cm":523679,"minecraft:damage_blocked_by_shield":588,"minecraft:drop":76,"minecraft:talked_to_villager":85,"minecraft:play_time":275835,"minecraft:deaths":3,"minecraft:sneak_time":12728,"minecraft:walk_under_water_one_cm":23400,"minecraft:boat_one_cm":3830,"minecraft:jump":5999,"minecraft:walk_on_water_one_cm":43057,"minecraft:total_world_time":275835,"minecraft:interact_with_furnace":72,"minecraft:traded_with_villager":36,"minecraft:sleep_in_bed":14,"minecraft:time_since_rest":4207,"minecraft:damage_taken":5623,"minecraft:damage_dealt":9343,"minecraft:fly_one_cm":1186695,"minecraft:swim_one_cm":176381,"minecraft:open_chest":100,"minecraft:crouch_one_cm":30531,"minecraft:fall_one_cm":157238},"minecraft:picked_up":{"minecraft:iron_chestplate":2,"minecraft:cocoa_beans":6,"minecraft:crafting_table":7,"minecraft:coarse_dirt":3,"minecraft:chicken":4,"minecraft:flower_pot":3,"minecraft:yellow_wool":4,"minecraft:lead":6,"minecraft:oak_stairs":15,"minecraft:stone_brick_wall":2,"minecraft:brewing_stand":3,"minecraft:shield":2,"minecraft:oak_trapdoor":3,"minecraft:red_bed":12,"minecraft:iron_axe":2,"minecraft:iron_leggings":4,"minecraft:red_candle":3,"minecraft:iron_shovel":1,"minecraft:blackstone":97,"minecraft:cracked_stone_bricks":1,"minecraft:cobbled_deepslate":66,"minecraft:spruce_planks":3,"minecraft:beef":8,"minecraft:azalea":4,"minecraft:rose_bush":2,"minecraft:poppy":2,"minecraft:iron_pickaxe":2,"minecraft:jungle_sapling":12,"minecraft:iron_nugget":2,"minecraft:spruce_slab":2,"minecraft:lectern":33,"minecraft:sugar_cane":2,"minecraft:chest":2,"minecraft:spruce_trapdoor":4,"minecraft:piston":2,"minecraft:egg":1,"minecraft:iron_boots":3,"minecraft:furnace":6,"minecraft:golden_helmet":1,"minecraft:stick":101,"minecraft:raw_iron":80,"minecraft:composter":2,"minecraft:torch":58,"minecraft:acacia_log":108,"minecraft:target":3,"minecraft:cookie":8,"minecraft:carrot":2,"minecraft:andesite_wall":1,"minecraft:arrow":94,"minecraft:rotten_flesh":37,"minecraft:hay_block":2,"minecraft:gold_ingot":13,"minecraft:obsidian":17,"minecraft:mutton":13,"minecraft:cobblestone":111,"minecraft:white_wool":3,"minecraft:stripped_oak_log":19,"minecraft:feather":7,"minecraft:cooked_beef":5,"minecraft:tripwire_hook":3,"minecraft:water_bucket":3,"minecraft:jungle_log":207,"minecraft:leather":18,"minecraft:smoker":6,"minecraft:potato":13,"minecraft:flint":6,"minecraft:tuff":13,"minecraft:oak_log":85,"minecraft:yellow_bed":1,"minecraft:gunpowder":2,"minecraft:lapis_lazuli":68,"minecraft:dirt":117,"minecraft:cooked_mutton":6,"minecraft:bone":4,"minecraft:apple":9,"minecraft:acacia_planks":128,"minecraft:stone_bricks":6,"minecraft:bow":2,"minecraft:wheat_seeds":8,"minecraft:raw_gold":6,"minecraft:bell":1,"minecraft:stone_pickaxe":1,"minecraft:iron_ingot":18,"minecraft:cooked_chicken":4,"minecraft:fletching_table":13,"minecraft:oak_planks":121,"minecraft:moss_block":5,"minecraft:flowering_azalea":1,"minecraft:stone_hoe":2,"minecraft:acacia_sapling":29,"minecraft:book":48,"minecraft:smooth_basalt":1,"minecraft:cooked_porkchop":1,"minecraft:dandelion":2,"minecraft:gravel":94,"minecraft:stripped_spruce_log":3,"minecraft:white_bed":2,"minecraft:orange_wool":6,"minecraft:barrel":1,"minecraft:spider_eye":2,"minecraft:mossy_cobblestone":6,"minecraft:oak_wood":24,"minecraft:dispenser":1,"minecraft:purple_bed":1,"minecraft:diamond":31,"minecraft:spruce_boat":2,"minecraft:writable_book":1,"minecraft:iron_helmet":3,"minecraft:granite":2,"minecraft:emerald":10,"minecraft:bread":55,"minecraft:baked_potato":7,"minecraft:coal":128,"minecraft:oak_sapling":31,"minecraft:damaged_anvil":1,"minecraft:stripped_dark_oak_log":1},"minecraft:dropped":{"minecraft:moss_block":2,"minecraft:wheat_seeds":5,"minecraft:mossy_cobblestone":2,"minecraft:andesite_wall":1,"minecraft:cobblestone":1,"minecraft:apple":1,"minecraft:fletching_table":1,"minecraft:cracked_stone_bricks":1,"minecraft:brewing_stand":1,"minecraft:dispenser":1,"minecraft:rose_bush":1,"minecraft:iron_leggings":1,"minecraft:oak_stairs":3,"minecraft:writable_book":1,"minecraft:tripwire_hook":3,"minecraft:dandelion":1,"minecraft:gravel":75,"minecraft:oak_trapdoor":2,"minecraft:coarse_dirt":3,"minecraft:cobbled_deepslate":4,"minecraft:tuff":1,"minecraft:composter":1,"minecraft:rotten_flesh":19,"minecraft:oak_planks":8,"minecraft:orange_wool":1,"minecraft:target":3,"minecraft:poppy":1,"minecraft:flower_pot":3,"minecraft:red_candle":3,"minecraft:spruce_trapdoor":1,"minecraft:azalea":3,"minecraft:stone_brick_wall":2,"minecraft:oak_sapling":2,"minecraft:stone_bricks":6,"minecraft:barrel":1,"minecraft:spruce_slab":1,"minecraft:arrow":2,"minecraft:wooden_pickaxe":1,"minecraft:lectern":1}},"DataVersion":3955}